,game_id,season,game_type,week,gameday,weekday,gametime,away_team,away_score,home_team,home_score,location,result,total,overtime,old_game_id,gsis,nfl_detail_id,pfr,pff,espn,away_rest,home_rest,away_moneyline,home_moneyline,spread_line,away_spread_odds,home_spread_odds,total_line,under_odds,over_odds,div_game,roof,surface,temp,wind,away_qb_id,home_qb_id,away_qb_name,home_qb_name,away_coach,home_coach,referee,stadium_id,stadium
6137,2022_01_BUF_LA,2022,REG,1,2022-09-08,Thursday,20:20,BUF,31.0,LA,10.0,Home,-21.0,41.0,0.0,2022090800,,,202209080ram,,401437654,7,7,-117.0,106.0,-1.0,-112.0,101.0,51.5,-101.0,-111.0,0,dome,matrixturf,,,00-0034857,00-0026498,Josh Allen,Matthew Stafford,Sean McDermott,Sean McVay,Carl Cheffers,LAX01,SoFi Stadium
6138,2022_01_NO_ATL,2022,REG,1,2022-09-11,Sunday,13:00,NO,27.0,ATL,26.0,Home,-1.0,53.0,0.0,2022091100,,,202209110atl,,401437650,7,7,-228.0,201.0,-6.0,-103.0,-107.0,43.5,-104.0,-108.0,1,closed,fieldturf,,,00-0031503,00-0032268,Jameis Winston,Marcus Mariota,Dennis Allen,Arthur Smith,Alex Kemp,ATL97,Mercedes-Benz Stadium
6139,2022_01_CLE_CAR,2022,REG,1,2022-09-11,Sunday,13:00,CLE,26.0,CAR,24.0,Home,-2.0,50.0,0.0,2022091101,,,202209110car,,401437651,7,7,114.0,-125.0,2.5,-112.0,102.0,42.5,-113.0,100.0,0,outdoors,grass,,,00-0033119,00-0034855,Jacoby Brissett,Baker Mayfield,Kevin Stefanski,Matt Rhule,Brad Rogers,CAR00,Bank of America Stadium
6140,2022_01_SF_CHI,2022,REG,1,2022-09-11,Sunday,13:00,SF,10.0,CHI,19.0,Home,9.0,29.0,0.0,2022091102,,,202209110chi,,401437647,7,7,-248.0,217.0,-6.5,100.0,-111.0,38.0,-103.0,-109.0,0,outdoors,grass,,,00-0037012,00-0036945,Trey Lance,Justin Fields,Kyle Shanahan,Matt Eberflus,Clay Martin,CHI98,Soldier Field
6141,2022_01_PIT_CIN,2022,REG,1,2022-09-11,Sunday,13:00,PIT,23.0,CIN,20.0,Home,-3.0,43.0,1.0,2022091103,,,202209110cin,,401437634,7,7,264.0,-308.0,7.5,-119.0,107.0,44.5,101.0,-113.0,1,outdoors,fieldturf,,,00-0033869,00-0036442,Mitch Trubisky,Joe Burrow,Mike Tomlin,Zac Taylor,Shawn Hochuli,CIN00,Paycor Stadium
6142,2022_01_PHI_DET,2022,REG,1,2022-09-11,Sunday,13:00,PHI,38.0,DET,35.0,Home,-3.0,73.0,0.0,2022091104,,,202209110det,,401437648,7,7,-240.0,211.0,-6.0,-110.0,-100.0,49.0,-117.0,104.0,0,dome,fieldturf,,,00-0036389,00-0033106,Jalen Hurts,Jared Goff,Nick Sirianni,Dan Campbell,Brad Allen,DET00,Ford Field
6143,2022_01_IND_HOU,2022,REG,1,2022-09-11,Sunday,13:00,IND,20.0,HOU,20.0,Home,0.0,40.0,1.0,2022091105,,,202209110htx,,401437637,7,7,-290.0,250.0,-7.0,-103.0,-107.0,46.0,-110.0,-102.0,1,closed,astroturf,,,00-0026143,00-0036898,Matt Ryan,Davis Mills,Frank Reich,Lovie Smith,Land Clark,HOU00,NRG Stadium
6144,2022_01_NE_MIA,2022,REG,1,2022-09-11,Sunday,13:00,NE,7.0,MIA,20.0,Home,13.0,27.0,0.0,2022091106,,,202209110mia,,401437630,7,7,140.0,-155.0,3.0,-104.0,-106.0,47.0,-109.0,-103.0,1,outdoors,grass,,,00-0036972,00-0036212,Mac Jones,Tua Tagovailoa,Bill Belichick,Mike McDaniel,John Hussey,MIA00,Hard Rock Stadium
6145,2022_01_BAL_NYJ,2022,REG,1,2022-09-11,Sunday,13:00,BAL,24.0,NYJ,9.0,Home,-15.0,33.0,0.0,2022091107,,,202209110nyj,,401437632,7,7,-265.0,231.0,-6.5,-103.0,-107.0,44.0,-109.0,-103.0,0,outdoors,fieldturf,,,00-0034796,00-0026158,Lamar Jackson,Joe Flacco,John Harbaugh,Robert Saleh,Craig Wrolstad,NYC01,MetLife Stadium
6146,2022_01_JAX_WAS,2022,REG,1,2022-09-11,Sunday,13:00,JAX,22.0,WAS,28.0,Home,6.0,50.0,0.0,2022091108,,,202209110was,,401437646,7,7,143.0,-159.0,3.0,-101.0,-110.0,43.5,-110.0,-102.0,0,outdoors,grass,,,00-0036971,00-0032950,Trevor Lawrence,Carson Wentz,Doug Pederson,Ron Rivera,Tra Blake,WAS00,FedExField
6147,2022_01_KC_ARI,2022,REG,1,2022-09-11,Sunday,16:25,KC,44.0,ARI,21.0,Home,-23.0,65.0,0.0,2022091110,,,202209110crd,,401437653,7,7,-252.0,221.0,-6.0,-107.0,-104.0,54.0,-110.0,-102.0,0,closed,grass,,,00-0033873,00-0035228,Patrick Mahomes,Kyler Murray,Andy Reid,Kliff Kingsbury,Scott Novak,PHO00,State Farm Stadium
6148,2022_01_LV_LAC,2022,REG,1,2022-09-11,Sunday,16:25,LV,19.0,LAC,24.0,Home,5.0,43.0,0.0,2022091111,,,202209110sdg,,401437643,7,7,161.0,-180.0,3.5,-106.0,-104.0,52.5,-103.0,-109.0,1,dome,matrixturf,,,00-0031280,00-0036355,Derek Carr,Justin Herbert,Josh McDaniels,Brandon Staley,Shawn Smith,LAX01,SoFi Stadium
6149,2022_01_GB_MIN,2022,REG,1,2022-09-11,Sunday,16:25,GB,7.0,MIN,23.0,Home,16.0,30.0,0.0,2022091112,,,202209110min,,401437649,7,7,113.0,-125.0,2.5,-116.0,105.0,47.0,-114.0,101.0,1,dome,sportturf,,,00-0023459,00-0029604,Aaron Rodgers,Kirk Cousins,Matt LaFleur,Kevin O'Connell,Bill Vinovich,MIN01,U.S. Bank Stadium
6150,2022_01_NYG_TEN,2022,REG,1,2022-09-11,Sunday,16:25,NYG,21.0,TEN,20.0,Home,-1.0,41.0,0.0,2022091109,,,202209110oti,,401437640,7,7,209.0,-239.0,5.5,-108.0,-102.0,43.5,-101.0,-111.0,0,outdoors,grass,,,00-0035710,00-0029701,Daniel Jones,Ryan Tannehill,Brian Daboll,Mike Vrabel,Jerome Boger,NAS00,Nissan Stadium
6151,2022_01_TB_DAL,2022,REG,1,2022-09-11,Sunday,20:20,TB,19.0,DAL,3.0,Home,-16.0,22.0,0.0,2022091113,,,202209110dal,,401437644,7,7,-133.0,120.0,-2.5,-108.0,-102.0,49.5,-102.0,-110.0,0,closed,matrixturf,,,00-0019596,00-0033077,Tom Brady,Dak Prescott,Todd Bowles,Mike McCarthy,Ron Torbert,DAL00,AT&T Stadium
6152,2022_01_DEN_SEA,2022,REG,1,2022-09-12,Monday,20:15,DEN,16.0,SEA,17.0,Home,1.0,33.0,0.0,2022091200,,,202209120sea,,401437655,7,7,-253.0,221.0,-6.0,-107.0,-103.0,44.0,-115.0,102.0,0,outdoors,fieldturf,,,00-0029263,00-0030565,Russell Wilson,Geno Smith,Nathaniel Hackett,Pete Carroll,Clete Blakeman,SEA00,Lumen Field
6153,2022_02_LAC_KC,2022,REG,2,2022-09-15,Thursday,20:15,LAC,24.0,KC,27.0,Home,3.0,51.0,0.0,2022091500,,,202209150kan,,401434030,4,4,167.0,-188.0,4.0,-113.0,102.0,52.5,-101.0,-111.0,1,outdoors,grass,,,00-0036355,00-0033873,Justin Herbert,Patrick Mahomes,Brandon Staley,Andy Reid,John Hussey,KAN00,GEHA Field at Arrowhead Stadium
6154,2022_02_MIA_BAL,2022,REG,2,2022-09-18,Sunday,13:00,MIA,42.0,BAL,38.0,Home,-4.0,80.0,0.0,2022091800,,,202209180rav,,401437633,7,7,148.0,-164.0,3.0,103.0,-114.0,44.0,-114.0,101.0,0,outdoors,grass,,,00-0036212,00-0034796,Tua Tagovailoa,Lamar Jackson,Mike McDaniel,John Harbaugh,Adrian Hill,BAL00,M&T Bank Stadium
6155,2022_02_NYJ_CLE,2022,REG,2,2022-09-18,Sunday,13:00,NYJ,31.0,CLE,30.0,Home,-1.0,61.0,0.0,2022091801,,,202209180cle,,401437635,7,7,207.0,-235.0,6.5,-111.0,100.0,38.5,-107.0,-105.0,0,outdoors,grass,,,00-0026158,00-0033119,Joe Flacco,Jacoby Brissett,Robert Saleh,Kevin Stefanski,Tra Blake,CLE00,FirstEnergy Stadium
6156,2022_02_WAS_DET,2022,REG,2,2022-09-18,Sunday,13:00,WAS,27.0,DET,36.0,Home,9.0,63.0,0.0,2022091802,,,202209180det,,401437732,7,7,-114.0,103.0,-1.0,-107.0,-103.0,48.5,-114.0,101.0,0,dome,fieldturf,,,00-0032950,00-0033106,Carson Wentz,Jared Goff,Ron Rivera,Dan Campbell,Bill Vinovich,DET00,Ford Field
6157,2022_02_IND_JAX,2022,REG,2,2022-09-18,Sunday,13:00,IND,0.0,JAX,24.0,Home,24.0,24.0,0.0,2022091803,,,202209180jax,,401437639,7,7,-157.0,142.0,-3.0,-107.0,-103.0,43.5,-104.0,-108.0,1,outdoors,grass,,,00-0026143,00-0036971,Matt Ryan,Trevor Lawrence,Frank Reich,Doug Pederson,Alex Kemp,JAX00,TIAA Bank Stadium
6158,2022_02_TB_NO,2022,REG,2,2022-09-18,Sunday,13:00,TB,20.0,NO,10.0,Home,-10.0,30.0,0.0,2022091804,,,202209180nor,,401437652,7,7,-138.0,124.0,-2.5,-109.0,-102.0,44.0,-117.0,104.0,1,dome,sportturf,,,00-0019596,00-0031503,Tom Brady,Jameis Winston,Todd Bowles,Dennis Allen,Shawn Hochuli,NOR00,Mercedes-Benz Superdome
6159,2022_02_CAR_NYG,2022,REG,2,2022-09-18,Sunday,13:00,CAR,16.0,NYG,19.0,Home,3.0,35.0,0.0,2022091805,,,202209180nyg,,401437645,7,7,-114.0,103.0,-1.0,-106.0,-104.0,44.0,-102.0,-110.0,0,outdoors,fieldturf,,,00-0034855,00-0035710,Baker Mayfield,Daniel Jones,Matt Rhule,Brian Daboll,Ron Torbert,NYC01,MetLife Stadium
6160,2022_02_NE_PIT,2022,REG,2,2022-09-18,Sunday,13:00,NE,17.0,PIT,14.0,Home,-3.0,31.0,0.0,2022091806,,,202209180pit,,401437636,7,7,-150.0,135.0,-3.0,-102.0,-109.0,40.0,-101.0,-111.0,0,outdoors,grass,,,00-0036972,00-0033869,Mac Jones,Mitch Trubisky,Bill Belichick,Mike Tomlin,Land Clark,PIT00,Acrisure Stadium
6161,2022_02_ATL_LA,2022,REG,2,2022-09-18,Sunday,16:05,ATL,27.0,LA,31.0,Home,4.0,58.0,0.0,2022091807,,,202209180ram,,401437733,7,10,385.0,-473.0,10.5,-113.0,103.0,46.5,-116.0,103.0,0,dome,matrixturf,,,00-0032268,00-0026498,Marcus Mariota,Matthew Stafford,Arthur Smith,Sean McVay,Clay Martin,LAX01,SoFi Stadium
6162,2022_02_SEA_SF,2022,REG,2,2022-09-18,Sunday,16:05,SEA,7.0,SF,27.0,Home,20.0,34.0,0.0,2022091808,,,202209180sfo,,401437605,6,7,318.0,-379.0,8.5,-113.0,102.0,40.0,-112.0,-100.0,1,outdoors,grass,,,00-0030565,00-0037012,Geno Smith,Trey Lance,Pete Carroll,Kyle Shanahan,Brad Rogers,SFO01,Levi's Stadium
6163,2022_02_CIN_DAL,2022,REG,2,2022-09-18,Sunday,16:25,CIN,17.0,DAL,20.0,Home,3.0,37.0,0.0,2022091809,,,202209180dal,,401437734,7,7,-303.0,260.0,-7.5,110.0,-122.0,42.0,-104.0,-108.0,0,closed,matrixturf,,,00-0036442,00-0033662,Joe Burrow,Cooper Rush,Zac Taylor,Mike McCarthy,Brad Allen,DAL00,AT&T Stadium
6164,2022_02_HOU_DEN,2022,REG,2,2022-09-18,Sunday,16:25,HOU,9.0,DEN,16.0,Home,7.0,25.0,0.0,2022091810,,,202209180den,,401437641,7,6,391.0,-481.0,10.5,-114.0,103.0,46.0,-110.0,-102.0,0,outdoors,grass,,,00-0036898,00-0029263,Davis Mills,Russell Wilson,Lovie Smith,Nathaniel Hackett,Carl Cheffers,DEN00,Empower Field at Mile High
6165,2022_02_ARI_LV,2022,REG,2,2022-09-18,Sunday,16:25,ARI,29.0,LV,23.0,Home,-6.0,52.0,1.0,2022091811,,,202209180rai,,401437642,7,7,197.0,-223.0,5.5,-110.0,100.0,51.5,-105.0,-107.0,0,dome,grass,,,00-0035228,00-0031280,Kyler Murray,Derek Carr,Kliff Kingsbury,Josh McDaniels,Clete Blakeman,VEG00,Allegiant Stadium
6166,2022_02_CHI_GB,2022,REG,2,2022-09-18,Sunday,20:20,CHI,10.0,GB,27.0,Home,17.0,37.0,0.0,2022091812,,,202209180gnb,,401437606,7,7,348.0,-420.0,10.5,-111.0,100.0,42.0,-104.0,-108.0,1,outdoors,grass,,,00-0036945,00-0023459,Justin Fields,Aaron Rodgers,Matt Eberflus,Matt LaFleur,Craig Wrolstad,GNB00,Lambeau Field
6167,2022_02_TEN_BUF,2022,REG,2,2022-09-19,Monday,19:15,TEN,7.0,BUF,41.0,Home,34.0,48.0,0.0,2022091900,,,202209190buf,,401436831,8,11,329.0,-395.0,10.0,-115.0,104.0,47.5,-108.0,-104.0,0,outdoors,a_turf,,,00-0029701,00-0034857,Ryan Tannehill,Josh Allen,Mike Vrabel,Sean McDermott,Shawn Smith,BUF00,New Era Field
6168,2022_02_MIN_PHI,2022,REG,2,2022-09-19,Monday,20:30,MIN,7.0,PHI,24.0,Home,17.0,31.0,0.0,2022091901,,,202209190phi,,401436832,8,8,127.0,-141.0,2.5,106.0,-117.0,49.5,-115.0,102.0,0,outdoors,grass,,,00-0029604,00-0036389,Kirk Cousins,Jalen Hurts,Kevin O'Connell,Nick Sirianni,Scott Novak,PHI00,Lincoln Financial Field
6169,2022_03_PIT_CLE,2022,REG,3,2022-09-22,Thursday,20:15,PIT,17.0,CLE,29.0,Home,12.0,46.0,0.0,2022092200,,,202209220cle,,401437735,4,4,183.0,-206.0,4.5,-111.0,101.0,38.0,-107.0,-105.0,1,outdoors,grass,,,00-0033869,00-0033119,Mitch Trubisky,Jacoby Brissett,Mike Tomlin,Kevin Stefanski,Clay Martin,CLE00,FirstEnergy Stadium
6170,2022_03_NO_CAR,2022,REG,3,2022-09-25,Sunday,13:00,NO,14.0,CAR,22.0,Home,8.0,36.0,0.0,2022092500,,,202209250car,,401437736,7,7,-123.0,112.0,-2.0,-102.0,-109.0,41.0,-112.0,-100.0,1,outdoors,grass,,,00-0031503,00-0034855,Jameis Winston,Baker Mayfield,Dennis Allen,Matt Rhule,Carl Cheffers,CAR00,Bank of America Stadium
6171,2022_03_HOU_CHI,2022,REG,3,2022-09-25,Sunday,13:00,HOU,20.0,CHI,23.0,Home,3.0,43.0,0.0,2022092501,,,202209250chi,,401437737,7,7,141.0,-156.0,3.0,-107.0,-103.0,40.0,-107.0,-105.0,0,outdoors,grass,,,00-0036898,00-0036945,Davis Mills,Justin Fields,Lovie Smith,Matt Eberflus,Clete Blakeman,CHI98,Soldier Field
6172,2022_03_KC_IND,2022,REG,3,2022-09-25,Sunday,13:00,KC,17.0,IND,20.0,Home,3.0,37.0,0.0,2022092502,,,202209250clt,,401437638,10,7,-199.0,177.0,-4.5,103.0,-114.0,51.0,-105.0,-107.0,0,open,fieldturf,,,00-0033873,00-0026143,Patrick Mahomes,Matt Ryan,Andy Reid,Frank Reich,Shawn Smith,IND00,Lucas Oil Stadium
6173,2022_03_BUF_MIA,2022,REG,3,2022-09-25,Sunday,13:00,BUF,19.0,MIA,21.0,Home,2.0,40.0,0.0,2022092503,,,202209250mia,,401437738,6,7,-196.0,175.0,-4.0,-104.0,-106.0,54.0,-103.0,-109.0,1,outdoors,grass,,,00-0034857,00-0036212,Josh Allen,Tua Tagovailoa,Sean McDermott,Mike McDaniel,Alex Kemp,MIA00,Hard Rock Stadium
6174,2022_03_DET_MIN,2022,REG,3,2022-09-25,Sunday,13:00,DET,24.0,MIN,28.0,Home,4.0,52.0,0.0,2022092504,,,202209250min,,401437739,7,6,232.0,-266.0,6.5,-101.0,-110.0,52.0,-117.0,104.0,1,dome,sportturf,,,00-0033106,00-0029604,Jared Goff,Kirk Cousins,Dan Campbell,Kevin O'Connell,John Hussey,MIN01,U.S. Bank Stadium
6175,2022_03_BAL_NE,2022,REG,3,2022-09-25,Sunday,13:00,BAL,37.0,NE,26.0,Home,-11.0,63.0,0.0,2022092505,,,202209250nwe,,401437631,7,7,-143.0,129.0,-2.5,-114.0,104.0,45.5,-109.0,-103.0,0,outdoors,fieldturf,,,00-0034796,00-0036972,Lamar Jackson,Mac Jones,John Harbaugh,Bill Belichick,Bill Vinovich,BOS00,Gillette Stadium
6176,2022_03_CIN_NYJ,2022,REG,3,2022-09-25,Sunday,13:00,CIN,27.0,NYJ,12.0,Home,-15.0,39.0,0.0,2022092506,,,202209250nyj,,401437740,7,7,-247.0,220.0,-6.5,104.0,-115.0,46.0,-106.0,-106.0,0,outdoors,fieldturf,,,00-0036442,00-0026158,Joe Burrow,Joe Flacco,Zac Taylor,Robert Saleh,Jerome Boger,NYC01,MetLife Stadium
6177,2022_03_LV_TEN,2022,REG,3,2022-09-25,Sunday,13:00,LV,22.0,TEN,24.0,Home,2.0,46.0,0.0,2022092507,,,202209250oti,,401437741,7,6,-130.0,117.0,-1.5,-113.0,103.0,45.5,-109.0,-103.0,0,outdoors,grass,,,00-0031280,00-0029701,Derek Carr,Ryan Tannehill,Josh McDaniels,Mike Vrabel,Brad Rogers,NAS00,Nissan Stadium
6178,2022_03_PHI_WAS,2022,REG,3,2022-09-25,Sunday,13:00,PHI,24.0,WAS,8.0,Home,-16.0,32.0,0.0,2022092508,,,202209250was,,401437742,6,7,-240.0,210.0,-6.0,102.0,-112.0,47.0,-101.0,-111.0,1,outdoors,grass,,,00-0036389,00-0032950,Jalen Hurts,Carson Wentz,Nick Sirianni,Ron Rivera,Ron Torbert,WAS00,FedExField
6179,2022_03_JAX_LAC,2022,REG,3,2022-09-25,Sunday,16:05,JAX,38.0,LAC,10.0,Home,-28.0,48.0,0.0,2022092509,,,202209250sdg,,401437743,7,10,220.0,-252.0,6.5,-106.0,-104.0,46.0,-112.0,-100.0,0,dome,matrixturf,,,00-0036971,00-0036355,Trevor Lawrence,Justin Herbery,Doug Pederson,Brandon Staley,Craig Wrolstad,LAX01,SoFi Stadium
6180,2022_03_LA_ARI,2022,REG,3,2022-09-25,Sunday,16:25,LA,20.0,ARI,12.0,Home,-8.0,32.0,0.0,2022092510,,,202209250crd,,401437744,7,7,-171.0,153.0,-3.5,104.0,-115.0,49.0,-114.0,102.0,1,closed,grass,,,00-0026498,00-0035228,Matthew Stafford,Kyler Murray,Sean McVay,Kliff Kingsbury,Adrian Hill,PHO00,State Farm Stadium
6181,2022_03_ATL_SEA,2022,REG,3,2022-09-25,Sunday,16:25,ATL,27.0,SEA,23.0,Home,-4.0,50.0,0.0,2022092511,,,202209250sea,,401437745,7,7,-104.0,-106.0,1.0,-112.0,102.0,43.0,103.0,-115.0,0,outdoors,fieldturf,,,00-0032268,00-0030565,Marcus Mariota,Geno Smith,Arthur Smith,Pete Carroll,Tra Blake,SEA00,Lumen Field
6182,2022_03_GB_TB,2022,REG,3,2022-09-25,Sunday,16:25,GB,14.0,TB,12.0,Home,-2.0,26.0,0.0,2022092512,,,202209250tam,,401437607,7,7,112.0,-123.0,1.0,105.0,-115.0,41.5,-103.0,-109.0,0,outdoors,grass,,,00-0023459,00-0019596,Aaron Rodgers,Tom Brady,Matt LaFleur,Todd Bowles,Scott Novak,TAM00,Raymond James Stadium
6183,2022_03_SF_DEN,2022,REG,3,2022-09-25,Sunday,20:20,SF,10.0,DEN,11.0,Home,1.0,21.0,0.0,2022092513,,,202209250den,,401437746,7,7,-110.0,-101.0,-1.0,-102.0,-108.0,44.0,101.0,-114.0,0,outdoors,grass,,,00-0031345,00-0029263,Jimmy Garoppolo,Russell Wilson,Kyle Shanahan,Nathaniel Hackett,Shawn Hochuli,DEN00,Empower Field at Mile High
6184,2022_03_DAL_NYG,2022,REG,3,2022-09-26,Monday,20:15,DAL,23.0,NYG,16.0,Home,-7.0,39.0,0.0,2022092600,,,202209260nyg,,401437747,8,8,109.0,-120.0,1.0,103.0,-113.0,38.5,-102.0,-110.0,1,outdoors,fieldturf,,,00-0033662,00-0035710,Cooper Rush,Daniel Jones,Mike McCarthy,Brian Daboll,Land Clark,NYC01,MetLife Stadium
6185,2022_04_MIA_CIN,2022,REG,4,2022-09-29,Thursday,20:15,MIA,15.0,CIN,27.0,Home,12.0,42.0,0.0,2022092900,,,202209290cin,,401437748,4,4,169.0,-190.0,4.0,-107.0,-103.0,48.5,-103.0,-109.0,0,outdoors,fieldturf,,,00-0036212,00-0036442,Tua Tagovailoa,Joe Burrow,Mike McDaniel,Zac Taylor,Tra Blake,CIN00,Paycor Stadium
6186,2022_04_MIN_NO,2022,REG,4,2022-10-02,Sunday,09:30,MIN,28.0,NO,25.0,Neutral,-3.0,53.0,0.0,2022100200,,,202210020nor,,401435639,7,7,-199.0,177.0,-4.0,-103.0,-107.0,42.0,-110.0,-102.0,0,outdoors,,,,00-0029604,00-0027973,Kirk Cousins,Andy Dalton,Kevin O'Connell,Dennis Allen,Clete Blakeman,LON02,Tottenham Stadium
6187,2022_04_CLE_ATL,2022,REG,4,2022-10-02,Sunday,13:00,CLE,20.0,ATL,23.0,Home,3.0,43.0,0.0,2022100201,,,202210020atl,,401437749,10,7,-107.0,-103.0,-1.0,-101.0,-109.0,48.0,-100.0,-112.0,0,open,fieldturf,,,00-0033119,00-0032268,Jacoby Brissett,Marcus Mariota,Kevin Stefanski,Arthur Smith,Craig Wrolstad,ATL97,Mercedes-Benz Stadium
6188,2022_04_BUF_BAL,2022,REG,4,2022-10-02,Sunday,13:00,BUF,23.0,BAL,20.0,Home,-3.0,43.0,0.0,2022100202,,,202210020rav,,401437750,7,7,-172.0,154.0,-3.0,-117.0,106.0,50.0,-103.0,-109.0,0,outdoors,grass,,,00-0034857,00-0034796,Josh Allen,Lamar Jackson,Sean McDermott,John Harbaugh,Jerome Boger,BAL00,M&T Bank Stadium
6189,2022_04_WAS_DAL,2022,REG,4,2022-10-02,Sunday,13:00,WAS,10.0,DAL,25.0,Home,15.0,35.0,0.0,2022100203,,,202210020dal,,401437751,7,6,140.0,-155.0,3.0,-110.0,-101.0,40.5,-101.0,-111.0,1,closed,matrixturf,,,00-0032950,00-0033662,Carson Wentz,Cooper Rush,Ron Rivera,Mike McCarthy,Shawn Smith,DAL00,AT&T Stadium
6190,2022_04_SEA_DET,2022,REG,4,2022-10-02,Sunday,13:00,SEA,48.0,DET,45.0,Home,-3.0,93.0,0.0,2022100204,,,202210020det,,401437752,7,7,151.0,-169.0,3.0,103.0,-113.0,48.5,-112.0,-101.0,0,dome,fieldturf,,,00-0030565,00-0033106,Geno Smith,Jared Goff,Pete Carroll,Dan Campbell,Clay Martin,DET00,Ford Field
6191,2022_04_LAC_HOU,2022,REG,4,2022-10-02,Sunday,13:00,LAC,34.0,HOU,24.0,Home,-10.0,58.0,0.0,2022100205,,,202210020htx,,401437753,7,7,-234.0,205.0,-5.5,-106.0,-104.0,45.0,102.0,-115.0,0,closed,astroturf,,,00-0036355,00-0036898,Justin Herbert,Davis Mills,Brandon Staley,Lovie Smith,Alex Kemp,HOU00,NRG Stadium
6192,2022_04_TEN_IND,2022,REG,4,2022-10-02,Sunday,13:00,TEN,24.0,IND,17.0,Home,-7.0,41.0,0.0,2022100206,,,202210020clt,,401437754,7,7,182.0,-205.0,4.5,-105.0,-105.0,43.0,-102.0,-110.0,1,open,fieldturf,,,00-0029701,00-0026143,Ryan Tannehill,Matt Ryan,Mike Vrabel,Frank Reich,Scott Novak,IND00,Lucas Oil Stadium
6193,2022_04_CHI_NYG,2022,REG,4,2022-10-02,Sunday,13:00,CHI,12.0,NYG,20.0,Home,8.0,32.0,0.0,2022100207,,,202210020nyg,,401437755,7,6,130.0,-144.0,3.0,-120.0,109.0,39.0,-103.0,-110.0,0,outdoors,fieldturf,,,00-0036945,00-0035710,Justin Fields,Daniel Jones,Matt Eberflus,Brian Daboll,Carl Cheffers,NYC01,MetLife Stadium
6194,2022_04_JAX_PHI,2022,REG,4,2022-10-02,Sunday,13:00,JAX,21.0,PHI,29.0,Home,8.0,50.0,0.0,2022100208,,,202210020phi,,401437756,7,7,223.0,-256.0,6.5,-109.0,-102.0,44.0,-102.0,-111.0,0,outdoors,grass,,,00-0036971,00-0036389,Trevor Lawrence,Jalen Hurts,Doug Pederson,Nick Sirianni,Shawn Hochuli,PHI00,Lincoln Financial Field
6195,2022_04_NYJ_PIT,2022,REG,4,2022-10-02,Sunday,13:00,NYJ,24.0,PIT,20.0,Home,-4.0,44.0,0.0,2022100209,,,202210020pit,,401437757,7,10,145.0,-161.0,3.0,-102.0,-108.0,41.0,102.0,-115.0,0,outdoors,grass,,,00-0037013,00-0033869,Zach Wilson,Mitch Trubisky,Robert Saleh,Mike Tomlin,Brad Rogers,PIT00,Acrisure Stadium
6196,2022_04_ARI_CAR,2022,REG,4,2022-10-02,Sunday,16:05,ARI,26.0,CAR,16.0,Home,-10.0,42.0,0.0,2022100210,,,202210020car,,401437758,7,7,102.0,-113.0,1.0,-104.0,-106.0,44.0,-113.0,100.0,0,outdoors,grass,,,00-0035228,00-0034855,Kyler Murray,Baker Mayfield,Kliff Kingsbury,Matt Rhule,John Hussey,CAR00,Bank of America Stadium
6197,2022_04_NE_GB,2022,REG,4,2022-10-02,Sunday,16:25,NE,24.0,GB,27.0,Home,3.0,51.0,1.0,2022100211,,,202210020gnb,,401437759,7,7,358.0,-435.0,10.0,-120.0,109.0,40.5,-111.0,-101.0,0,outdoors,grass,,,00-0026625,00-0023459,Brian Hoyer,Aaron Rodgers,Bill Belichick,Matt LaFleur,Adrian Hill,GNB00,Lambeau Field
6198,2022_04_DEN_LV,2022,REG,4,2022-10-02,Sunday,16:25,DEN,23.0,LV,32.0,Home,9.0,55.0,0.0,2022100212,,,202210020rai,,401437760,7,7,124.0,-137.0,2.5,-101.0,-109.0,45.5,-110.0,-102.0,1,dome,grass,,,00-0029263,00-0031280,Russell Wilson,Derek Carr,Nathaniel Hackett,Josh McDaniels,Land Clark,VEG00,Allegiant Stadium
6199,2022_04_KC_TB,2022,REG,4,2022-10-02,Sunday,20:20,KC,41.0,TB,31.0,Home,-10.0,72.0,0.0,2022100213,,,202210020tam,,401437470,7,7,113.0,-125.0,1.0,107.0,-118.0,46.5,102.0,-115.0,0,outdoors,grass,,,00-0033873,00-0019596,Patrick Mahomes,Tom Brady,Andy Reid,Todd Bowles,Bill Vinovich,TAM00,Raymond James Stadium
6200,2022_04_LA_SF,2022,REG,4,2022-10-03,Monday,20:15,LA,9.0,SF,24.0,Home,15.0,33.0,0.0,2022100300,,,202210030sfo,,401437761,8,8,112.0,-124.0,1.0,106.0,-116.0,42.0,-109.0,-103.0,1,outdoors,grass,,,00-0026498,00-0031345,Matthew Stafford,Jimmy Garoppolo,Sean McVay,Kyle Shanahan,Brad Allen,SFO01,Levi's Stadium
6201,2022_05_IND_DEN,2022,REG,5,2022-10-06,Thursday,20:15,IND,12.0,DEN,9.0,Home,-3.0,21.0,1.0,2022100600,,,202210060den,,401437762,4,4,159.0,-178.0,3.5,-114.0,104.0,42.0,-106.0,-106.0,0,outdoors,grass,,,00-0026143,00-0029263,Matt Ryan,Russell Wilson,Frank Reich,Nathaniel Hackett,Brad Rogers,DEN00,Empower Field at Mile High
6202,2022_05_NYG_GB,2022,REG,5,2022-10-09,Sunday,09:30,NYG,27.0,GB,22.0,Neutral,-5.0,49.0,0.0,2022100900,,,202210090gnb,,401435640,7,7,331.0,-397.0,8.5,104.0,-115.0,42.0,-110.0,-102.0,0,outdoors,,,,00-0035710,00-0023459,Daniel Jones,Aaron Rodgers,Brian Daboll,Matt LaFleur,Alex Kemp,LON02,Tottenham Stadium
6203,2022_05_PIT_BUF,2022,REG,5,2022-10-09,Sunday,13:00,PIT,3.0,BUF,38.0,Home,35.0,41.0,0.0,2022100901,,,202210090buf,,401437763,7,7,568.0,-749.0,14.0,-108.0,-102.0,44.0,-103.0,-110.0,0,outdoors,a_turf,,,00-0038102,00-0034857,Kenny Pickett,Josh Allen,Mike Tomlin,Sean McDermott,John Hussey,BUF00,New Era Field
6204,2022_05_LAC_CLE,2022,REG,5,2022-10-09,Sunday,13:00,LAC,30.0,CLE,28.0,Home,-2.0,58.0,0.0,2022100902,,,202210090cle,,401437764,7,7,-114.0,103.0,-1.0,-106.0,-104.0,47.0,-114.0,102.0,0,outdoors,grass,,,00-0036355,00-0033119,Justin Herbert,Jacoby Brissett,Brandon Staley,Kevin Stefanski,Adrian Hill,CLE00,FirstEnergy Stadium
6205,2022_05_HOU_JAX,2022,REG,5,2022-10-09,Sunday,13:00,HOU,13.0,JAX,6.0,Home,-7.0,19.0,0.0,2022100903,,,202210090jax,,401437765,7,7,261.0,-304.0,7.0,-113.0,102.0,44.0,-112.0,-101.0,1,outdoors,grass,,,00-0036898,00-0036971,Davis Mills,Trevor Lawrence,Lovie Smith,Doug Pederson,Ron Torbert,JAX00,TIAA Bank Stadium
6206,2022_05_CHI_MIN,2022,REG,5,2022-10-09,Sunday,13:00,CHI,22.0,MIN,29.0,Home,7.0,51.0,0.0,2022100904,,,202210090min,,401437766,7,7,322.0,-385.0,10.0,-116.0,105.0,44.0,-106.0,-106.0,1,dome,sportturf,,,00-0036945,00-0029604,Justin Fields,Kirk Cousins,Matt Eberflus,Kevin O'Connell,Shawn Hochuli,MIN01,U.S. Bank Stadium
6207,2022_05_DET_NE,2022,REG,5,2022-10-09,Sunday,13:00,DET,0.0,NE,29.0,Home,29.0,29.0,0.0,2022100905,,,202210090nwe,,401437767,7,7,133.0,-148.0,3.0,-113.0,102.0,46.5,101.0,-114.0,0,outdoors,fieldturf,,,00-0033106,00-0038108,Jared Goff,Bailey Zappe,Dan Campbell,Bill Belichick,Craig Wrolstad,BOS00,Gillette Stadium
6208,2022_05_SEA_NO,2022,REG,5,2022-10-09,Sunday,13:00,SEA,32.0,NO,39.0,Home,7.0,71.0,0.0,2022100906,,,202210090nor,,401437768,7,7,201.0,-229.0,5.5,-106.0,-104.0,45.5,-113.0,100.0,0,dome,sportturf,,,00-0030565,00-0027973,Geno Smith,Andy Dalton,Pete Carroll,Dennis Allen,Brad Allen,NOR00,Mercedes-Benz Superdome
6209,2022_05_MIA_NYJ,2022,REG,5,2022-10-09,Sunday,13:00,MIA,17.0,NYJ,40.0,Home,23.0,57.0,0.0,2022100907,,,202210090nyj,,401437769,10,7,-162.0,146.0,-3.0,-110.0,100.0,46.0,-101.0,-111.0,1,outdoors,fieldturf,,,00-0031237,00-0037013,Teddy Bridgewater,Zach Wilson,Mike McDaniel,Robert Saleh,Clay Martin,NYC01,MetLife Stadium
6210,2022_05_ATL_TB,2022,REG,5,2022-10-09,Sunday,13:00,ATL,15.0,TB,21.0,Home,6.0,36.0,0.0,2022100908,,,202210090tam,,401437770,7,7,355.0,-430.0,10.5,-113.0,102.0,46.0,101.0,-113.0,1,outdoors,grass,,,00-0032268,00-0019596,Marcus Mariota,Tom Brady,Arthur Smith,Todd Bowles,Jerome Boger,TAM00,Raymond James Stadium
6211,2022_05_TEN_WAS,2022,REG,5,2022-10-09,Sunday,13:00,TEN,21.0,WAS,17.0,Home,-4.0,38.0,0.0,2022100909,,,202210090was,,401437771,7,7,-110.0,-100.0,-1.0,-102.0,-108.0,43.0,-106.0,-106.0,0,outdoors,grass,,,00-0029701,00-0032950,Ryan Tannehill,Carson Wentz,Mike Vrabel,Ron Rivera,Land Clark,WAS00,FedExField
6212,2022_05_SF_CAR,2022,REG,5,2022-10-09,Sunday,16:05,SF,37.0,CAR,15.0,Home,-22.0,52.0,0.0,2022100910,,,202210090car,,401437772,6,7,-234.0,206.0,-6.0,-102.0,-109.0,40.0,-104.0,-108.0,0,outdoors,grass,,,00-0031345,00-0034855,Jimmy Garoppolo,Baker Mayfield,Kyle Shanahan,Matt Rhule,Shawn Smith,CAR00,Bank of America Stadium
6213,2022_05_PHI_ARI,2022,REG,5,2022-10-09,Sunday,16:25,PHI,20.0,ARI,17.0,Home,-3.0,37.0,0.0,2022100911,,,202210090crd,,401437773,7,7,-222.0,196.0,-5.5,101.0,-111.0,48.5,101.0,-113.0,0,closed,grass,,,00-0036389,00-0035228,Jalen Hurts,Kyler Murray,Nick Sirianni,Kliff Kingsbury,Tra Blake,PHO00,State Farm Stadium
6214,2022_05_DAL_LA,2022,REG,5,2022-10-09,Sunday,16:25,DAL,22.0,LA,10.0,Home,-12.0,32.0,0.0,2022100912,,,202210090ram,,401437774,7,6,195.0,-220.0,5.5,-112.0,102.0,42.0,-106.0,-106.0,0,dome,matrixturf,,,00-0033662,00-0026498,Cooper Rush,Matthew Stafford,Mike McCarthy,Sean McVay,Bill Vinovich,LAX01,SoFi Stadium
6215,2022_05_CIN_BAL,2022,REG,5,2022-10-09,Sunday,20:20,CIN,17.0,BAL,19.0,Home,2.0,36.0,0.0,2022100913,,,202210090rav,,401437775,10,7,151.0,-168.0,3.0,103.0,-114.0,47.5,-104.0,-108.0,1,outdoors,grass,,,00-0036442,00-0034796,Joe Burrow,Lamar Jackson,Zac Taylor,John Harbaugh,Scott Novak,BAL00,M&T Bank Stadium
6216,2022_05_LV_KC,2022,REG,5,2022-10-10,Monday,20:15,LV,29.0,KC,30.0,Home,1.0,59.0,0.0,2022101000,,,202210100kan,,401437776,8,8,275.0,-321.0,7.5,-125.0,113.0,51.5,-109.0,-103.0,1,outdoors,grass,,,00-0031280,00-0033873,Derek Carr,Patrick Mahomes,Josh McDaniels,Andy Reid,Carl Cheffers,KAN00,GEHA Field at Arrowhead Stadium
6217,2022_06_WAS_CHI,2022,REG,6,2022-10-13,Thursday,20:15,WAS,12.0,CHI,7.0,Home,-5.0,19.0,0.0,2022101300,,,202210130chi,,401437777,4,4,-120.0,109.0,-1.0,-112.0,102.0,38.5,-105.0,-107.0,0,outdoors,grass,,,00-0032950,00-0036945,Carson Wentz,Justin Fields,Ron Rivera,Matt Eberflus,Adrian Hill,CHI98,Soldier Field
6218,2022_06_SF_ATL,2022,REG,6,2022-10-16,Sunday,13:00,SF,14.0,ATL,28.0,Home,14.0,42.0,0.0,2022101600,,,202210160atl,,401437778,7,7,-185.0,166.0,-3.5,-100.0,-110.0,46.0,-109.0,-103.0,0,open,fieldturf,,,00-0031345,00-0032268,Jimmy Garoppolo,Marcus Mariota,Kyle Shanahan,Arthur Smith,Carl Cheffers,ATL97,Mercedes-Benz Stadium
6219,2022_06_NE_CLE,2022,REG,6,2022-10-16,Sunday,13:00,NE,38.0,CLE,15.0,Home,-23.0,53.0,0.0,2022101601,,,202210160cle,,401437779,7,7,127.0,-140.0,2.5,101.0,-111.0,43.0,-104.0,-108.0,0,outdoors,grass,,,00-0038108,00-0033119,Bailey Zappe,Jacoby Brissett,Bill Belichick,Kevin Stefanski,Scott Novak,CLE00,FirstEnergy Stadium
6220,2022_06_NYJ_GB,2022,REG,6,2022-10-16,Sunday,13:00,NYJ,27.0,GB,10.0,Home,-17.0,37.0,0.0,2022101602,,,202210160gnb,,401437780,7,7,305.0,-362.0,7.5,-101.0,-109.0,44.5,-101.0,-111.0,0,outdoors,grass,,,00-0037013,00-0023459,Zach Wilson,Aaron Rodgers,Robert Saleh,Matt LaFleur,Clete Blakeman,GNB00,Lambeau Field
6221,2022_06_JAX_IND,2022,REG,6,2022-10-16,Sunday,13:00,JAX,27.0,IND,34.0,Home,7.0,61.0,0.0,2022101603,,,202210160clt,,401437781,7,10,110.0,-122.0,1.0,103.0,-114.0,41.0,100.0,-113.0,1,open,fieldturf,,,00-0036971,00-0026143,Trevor Lawrence,Matt Ryan,Doug Pederson,Frank Reich,Jerome Boger,IND00,Lucas Oil Stadium
6222,2022_06_MIN_MIA,2022,REG,6,2022-10-16,Sunday,13:00,MIN,24.0,MIA,16.0,Home,-8.0,40.0,0.0,2022101604,,,202210160mia,,401437782,7,7,-175.0,157.0,-3.0,-120.0,109.0,45.0,-107.0,-105.0,0,outdoors,grass,,,00-0029604,00-0031237,Kirk Cousins,Teddy Bridgewater,Kevin O'Connell,Mike McDaniel,Brad Rogers,MIA00,Hard Rock Stadium
6223,2022_06_CIN_NO,2022,REG,6,2022-10-16,Sunday,13:00,CIN,30.0,NO,26.0,Home,-4.0,56.0,0.0,2022101605,,,202210160nor,,401437783,7,7,-164.0,148.0,-3.0,-110.0,100.0,42.5,-104.0,-108.0,0,dome,sportturf,,,00-0036442,00-0027973,Joe Burrow,Andy Dalton,Zac Taylor,Dennis Allen,Land Clark,NOR00,Mercedes-Benz Superdome
6224,2022_06_BAL_NYG,2022,REG,6,2022-10-16,Sunday,13:00,BAL,20.0,NYG,24.0,Home,4.0,44.0,0.0,2022101606,,,202210160nyg,,401437784,7,7,-234.0,206.0,-5.5,-107.0,-103.0,46.0,-110.0,-102.0,0,outdoors,fieldturf,,,00-0034796,00-0035710,Lamar Jackson,Daniel Jones,John Harbaugh,Brian Daboll,Clay Martin,NYC01,MetLife Stadium
6225,2022_06_TB_PIT,2022,REG,6,2022-10-16,Sunday,13:00,TB,18.0,PIT,20.0,Home,2.0,38.0,0.0,2022101607,,,202210160pit,,401437785,7,7,-386.0,323.0,-10.0,103.0,-113.0,47.0,-117.0,104.0,0,outdoors,grass,,,00-0019596,00-0038102,Tom Brady,Kenny Pickett,Todd Bowles,Mike Tomlin,Shawn Smith,PIT00,Acrisure Stadium
6226,2022_06_CAR_LA,2022,REG,6,2022-10-16,Sunday,16:05,CAR,10.0,LA,24.0,Home,14.0,34.0,0.0,2022101608,,,202210160ram,,401437786,7,7,343.0,-413.0,10.0,-112.0,102.0,41.5,-109.0,-103.0,0,dome,matrixturf,,,00-0033275,00-0026498,Phillip Walker,Matthew Stafford,Steve Wilks,Sean McVay,Tra Blake,LAX01,SoFi Stadium
6227,2022_06_ARI_SEA,2022,REG,6,2022-10-16,Sunday,16:05,ARI,9.0,SEA,19.0,Home,10.0,28.0,0.0,2022101609,,,202210160sea,,401437787,7,7,-136.0,123.0,-2.5,-106.0,-104.0,50.0,-102.0,-110.0,1,outdoors,fieldturf,,,00-0035228,00-0030565,Kyler Murray,Geno Smith,Kliff Kingsbury,Pete Carroll,Shawn Hochuli,SEA00,Lumen Field
6228,2022_06_BUF_KC,2022,REG,6,2022-10-16,Sunday,16:25,BUF,24.0,KC,20.0,Home,-4.0,44.0,0.0,2022101610,,,202210160kan,,401437788,7,6,-146.0,132.0,-2.5,-116.0,105.0,54.0,-105.0,-107.0,0,outdoors,grass,,,00-0034857,00-0033873,Josh Allen,Patrick Mahomes,Sean McDermott,Andy Reid,Brad Allen,KAN00,GEHA Field at Arrowhead Stadium
6229,2022_06_DAL_PHI,2022,REG,6,2022-10-16,Sunday,20:20,DAL,17.0,PHI,26.0,Home,9.0,43.0,0.0,2022101611,,,202210160phi,,401437789,7,7,252.0,-292.0,6.5,109.0,-120.0,42.5,-104.0,-108.0,1,outdoors,grass,,,00-0033662,00-0036389,Cooper Rush,Jalen Hurts,Mike McCarthy,Nick Sirianni,John Hussey,PHI00,Lincoln Financial Field
6230,2022_06_DEN_LAC,2022,REG,6,2022-10-17,Monday,20:15,DEN,16.0,LAC,19.0,Home,3.0,35.0,1.0,2022101700,,,202210170sdg,,401437790,11,8,166.0,-186.0,3.5,-103.0,-107.0,45.5,-115.0,102.0,1,dome,matrixturf,,,00-0029263,00-0036355,Russell Wilson,Justin Herbert,Nathaniel Hackett,Brandon Staley,Ron Torbert,LAX01,SoFi Stadium
6231,2022_07_NO_ARI,2022,REG,7,2022-10-20,Thursday,20:15,NO,34.0,ARI,42.0,Home,8.0,76.0,0.0,2022102000,,,202210200crd,,401437791,4,4,126.0,-140.0,2.5,-101.0,-109.0,44.0,-114.0,101.0,0,open,grass,,,00-0027973,00-0035228,Andy Dalton,Kyler Murray,Dennis Allen,Kliff Kingsbury,Jerome Boger,PHO00,State Farm Stadium
6232,2022_07_CLE_BAL,2022,REG,7,2022-10-23,Sunday,13:00,CLE,20.0,BAL,23.0,Home,3.0,43.0,0.0,2022102300,,,202210230rav,,401437792,7,7,244.0,-282.0,6.5,100.0,-110.0,46.0,-100.0,-112.0,1,outdoors,grass,,,00-0033119,00-0034796,Jacoby Brissett,Lamar Jackson,Kevin Stefanski,John Harbaugh,Shawn Smith,BAL00,M&T Bank Stadium
6233,2022_07_TB_CAR,2022,REG,7,2022-10-23,Sunday,13:00,TB,3.0,CAR,21.0,Home,18.0,24.0,0.0,2022102301,,,202210230car,,401437793,7,7,-680.0,524.0,-13.0,-103.0,-107.0,39.5,-116.0,103.0,1,outdoors,grass,,,00-0019596,00-0033275,Tom Brady,Phillip Walker,Todd Bowles,Steve Wilks,Craig Wrolstad,CAR00,Bank of America Stadium
6234,2022_07_ATL_CIN,2022,REG,7,2022-10-23,Sunday,13:00,ATL,17.0,CIN,35.0,Home,18.0,52.0,0.0,2022102302,,,202210230cin,,401437794,7,7,235.0,-271.0,6.5,-100.0,-110.0,47.5,100.0,-112.0,0,outdoors,fieldturf,,,00-0032268,00-0036442,Marcus Mariota,Joe Burrow,Arthur Smith,Zac Taylor,Clete Blakeman,CIN00,Paycor Stadium
6235,2022_07_DET_DAL,2022,REG,7,2022-10-23,Sunday,13:00,DET,6.0,DAL,24.0,Home,18.0,30.0,0.0,2022102303,,,202210230dal,,401437795,14,7,241.0,-278.0,7.0,-112.0,102.0,49.5,-102.0,-110.0,0,closed,matrixturf,,,00-0033106,00-0033077,Jared Goff,Dak Prescott,Dan Campbell,Mike McCarthy,Adrian Hill,DAL00,AT&T Stadium
6236,2022_07_NYG_JAX,2022,REG,7,2022-10-23,Sunday,13:00,NYG,23.0,JAX,17.0,Home,-6.0,40.0,0.0,2022102304,,,202210230jax,,401437796,7,7,148.0,-165.0,3.0,102.0,-112.0,44.0,-105.0,-107.0,0,outdoors,grass,,,00-0035710,00-0036971,Daniel Jones,Trevor Lawrence,Brian Daboll,Doug Pederson,Tra Blake,JAX00,TIAA Bank Stadium
6237,2022_07_IND_TEN,2022,REG,7,2022-10-23,Sunday,13:00,IND,10.0,TEN,19.0,Home,9.0,29.0,0.0,2022102305,,,202210230oti,,401437797,7,14,129.0,-143.0,2.5,-102.0,-108.0,43.0,-104.0,-109.0,1,outdoors,grass,,,00-0026143,00-0029701,Matt Ryan,Ryan Tannehill,Frank Reich,Mike Vrabel,Ron Torbert,NAS00,Nissan Stadium
6238,2022_07_GB_WAS,2022,REG,7,2022-10-23,Sunday,13:00,GB,21.0,WAS,23.0,Home,2.0,44.0,0.0,2022102306,,,202210230was,,401437798,7,10,-195.0,173.0,-4.0,-102.0,-108.0,41.5,-105.0,-107.0,0,outdoors,grass,,,00-0023459,00-0031800,Aaron Rodgers,Taylor Heinicke,Matt LaFleur,Ron Rivera,Clay Martin,WAS00,FedExField
6239,2022_07_NYJ_DEN,2022,REG,7,2022-10-23,Sunday,16:05,NYJ,16.0,DEN,9.0,Home,-7.0,25.0,0.0,2022102307,,,202210230den,,401437799,7,6,-127.0,115.0,-2.0,-106.0,-104.0,37.0,-114.0,101.0,0,outdoors,grass,,,00-0037013,00-0034955,Zach Wilson,Brett Rypien,Robert Saleh,Nathaniel Hackett,Bill Vinovich,DEN00,Empower Field at Mile High
6240,2022_07_HOU_LV,2022,REG,7,2022-10-23,Sunday,16:05,HOU,20.0,LV,38.0,Home,18.0,58.0,0.0,2022102308,,,202210230rai,,401437800,14,13,278.0,-325.0,7.0,104.0,-115.0,46.0,-104.0,-108.0,0,dome,grass,,,00-0036898,00-0031280,Davis Mills,Derek Carr,Lovie Smith,Josh McDaniels,John Hussey,VEG00,Allegiant Stadium
6241,2022_07_SEA_LAC,2022,REG,7,2022-10-23,Sunday,16:25,SEA,37.0,LAC,23.0,Home,-14.0,60.0,0.0,2022102309,,,202210230sdg,,401437801,7,6,193.0,-219.0,5.5,-111.0,101.0,51.5,-114.0,101.0,0,dome,matrixturf,,,00-0030565,00-0036355,Geno Smith,Justin Herbert,Pete Carroll,Brandon Staley,Land Clark,LAX01,SoFi Stadium
6242,2022_07_KC_SF,2022,REG,7,2022-10-23,Sunday,16:25,KC,44.0,SF,23.0,Home,-21.0,67.0,0.0,2022102310,,,202210230sfo,,401437802,7,7,-106.0,-104.0,-1.0,102.0,-112.0,49.0,-114.0,101.0,0,outdoors,,,,00-0033873,00-0031345,Patrick Mahomes,Jimmy Garoppolo,Andy Reid,Kyle Shanahan,Alex Kemp,SFO01,Levi's Stadium
6243,2022_07_PIT_MIA,2022,REG,7,2022-10-23,Sunday,20:20,PIT,10.0,MIA,16.0,Home,6.0,26.0,0.0,2022102311,,,202210230mia,,401437803,7,7,255.0,-297.0,7.5,-119.0,108.0,44.5,-107.0,-105.0,0,outdoors,grass,,,00-0038102,00-0036212,Kenny Pickett,Tua Tagovailoa,Mike Tomlin,Mike McDaniel,Scott Novak,MIA00,Hard Rock Stadium
6244,2022_07_CHI_NE,2022,REG,7,2022-10-24,Monday,20:15,CHI,33.0,NE,14.0,Home,-19.0,47.0,0.0,2022102400,,,202210240nwe,,401437804,11,8,327.0,-392.0,9.5,-110.0,-100.0,40.0,-106.0,-106.0,0,outdoors,fieldturf,,,00-0036945,00-0036972,Justin Fields,Mac Jones,Matt Eberflus,Bill Belichick,Brad Allen,BOS00,Gillette Stadium
6245,2022_08_BAL_TB,2022,REG,8,2022-10-27,Thursday,20:15,BAL,,TB,,Home,,,,2022102700,,,202210270tam,,401437805,4,4,-122.0,108.0,-1.0,-114.0,101.0,45.5,-105.0,-107.0,0,outdoors,grass,,,00-0034796,00-0019596,Lamar Jackson,Tom Brady,John Harbaugh,Todd Bowles,,TAM00,Raymond James Stadium
6246,2022_08_DEN_JAX,2022,REG,8,2022-10-30,Sunday,09:30,DEN,,JAX,,Neutral,,,,2022103000,,,202210300jax,,401435641,7,7,132.0,-147.0,3.0,-115.0,102.0,39.5,-108.0,-104.0,0,outdoors,grass,,,00-0029263,00-0036971,Russell Wilson,Trevor Lawrence,Nathaniel Hackett,Doug Pederson,,LON00,Wembley Stadium
6247,2022_08_CAR_ATL,2022,REG,8,2022-10-30,Sunday,13:00,CAR,,ATL,,Home,,,,2022103001,,,202210300atl,,401437806,7,7,181.0,-207.0,4.0,-102.0,-110.0,41.0,104.0,-117.0,1,,fieldturf,,,00-0033275,00-0032268,Phillip Walker,Marcus Mariota,Steve Wilks,Arthur Smith,,ATL97,Mercedes-Benz Stadium
6248,2022_08_CHI_DAL,2022,REG,8,2022-10-30,Sunday,13:00,CHI,,DAL,,Home,,,,2022103002,,,202210300dal,,401437807,6,7,337.0,-413.0,9.5,-107.0,-105.0,43.0,-116.0,103.0,0,closed,fieldturf,,,00-0036945,00-0033077,Justin Fields,Dak Prescott,Matt Eberflus,Mike McCarthy,,DAL00,AT&T Stadium
6249,2022_08_MIA_DET,2022,REG,8,2022-10-30,Sunday,13:00,MIA,,DET,,Home,,,,2022103003,,,202210300det,,401437808,7,7,-162.0,144.0,-3.0,-111.0,-102.0,51.0,-101.0,-111.0,0,dome,fieldturf,,,00-0036212,00-0033106,Tua Tagovailoa,Jared Goff,Mike McDaniel,Dan Campbell,,DET00,Ford Field
6250,2022_08_ARI_MIN,2022,REG,8,2022-10-30,Sunday,13:00,ARI,,MIN,,Home,,,,2022103004,,,202210300min,,401437809,10,14,172.0,-196.0,3.5,-100.0,-112.0,49.0,-112.0,-100.0,0,dome,sportturf,,,00-0035228,00-0029604,Kyler Murray,Kirk Cousins,Kliff Kingsbury,Kevin O'Connell,,MIN01,U.S. Bank Stadium
6251,2022_08_LV_NO,2022,REG,8,2022-10-30,Sunday,13:00,LV,,NO,,Home,,,,2022103005,,,202210300nor,,401437810,7,10,-121.0,109.0,-1.0,-115.0,102.0,48.5,104.0,-117.0,0,dome,astroturf,,,00-0031280,00-0031503,Derek Carr,Jameis Winston,Josh McDaniels,Dennis Allen,,NOR00,Mercedes-Benz Superdome
6252,2022_08_NE_NYJ,2022,REG,8,2022-10-30,Sunday,13:00,NE,,NYJ,,Home,,,,2022103006,,,202210300nyj,,401437811,6,7,-122.0,109.0,-1.0,-114.0,102.0,41.0,-111.0,-101.0,1,outdoors,fieldturf,,,00-0036972,00-0037013,Mac Jones,Zach Wilson,Bill Belichick,Robert Saleh,,NYC01,MetLife Stadium
6253,2022_08_PIT_PHI,2022,REG,8,2022-10-30,Sunday,13:00,PIT,,PHI,,Home,,,,2022103007,,,202210300phi,,401437812,7,14,375.0,-467.0,11.0,-118.0,105.0,44.0,-116.0,103.0,0,outdoors,grass,,,00-0038102,00-0036389,Kenny Pickett,Jalen Hurts,Mike Tomlin,Nick Sirianni,,PHI00,Lincoln Financial Field
6254,2022_08_TEN_HOU,2022,REG,8,2022-10-30,Sunday,16:05,TEN,,HOU,,Home,,,,2022103008,,,202210300htx,,401437813,7,7,-130.0,116.0,-1.0,-124.0,110.0,40.0,-109.0,-103.0,1,,grass,,,00-0029701,00-0036898,Ryan Tannehill,Davis Mills,Mike Vrabel,Lovie Smith,,HOU00,NRG Stadium
6255,2022_08_WAS_IND,2022,REG,8,2022-10-30,Sunday,16:25,WAS,,IND,,Home,,,,2022103009,,,202210300clt,,401437814,7,7,132.0,-148.0,3.0,-114.0,101.0,39.5,-101.0,-112.0,0,,fieldturf,,,00-0031800,00-0036879,Taylor Heinicke,Sam Ehlinger,Ron Rivera,Frank Reich,,IND00,Lucas Oil Stadium
6256,2022_08_SF_LA,2022,REG,8,2022-10-30,Sunday,16:25,SF,,LA,,Home,,,,2022103010,,,202210300ram,,401437815,7,14,-112.0,101.0,-1.0,-105.0,-107.0,42.5,-101.0,-111.0,1,dome,matrixturf,,,00-0031345,00-0026498,Jimmy Garoppolo,Matthew Stafford,Kyle Shanahan,Sean McVay,,LAX01,SoFi Stadium
6257,2022_08_NYG_SEA,2022,REG,8,2022-10-30,Sunday,16:25,NYG,,SEA,,Home,,,,2022103011,,,202210300sea,,401437816,7,7,138.0,-154.0,3.0,-110.0,-102.0,44.5,-106.0,-106.0,0,outdoors,fieldturf,,,00-0035710,00-0030565,Daniel Jones,Geno Smith,Brian Daboll,Pete Carroll,,SEA00,Lumen Field
6258,2022_08_GB_BUF,2022,REG,8,2022-10-30,Sunday,20:20,GB,,BUF,,Home,,,,2022103012,,,202210300buf,,401437817,7,14,406.0,-514.0,10.5,-101.0,-112.0,47.5,-106.0,-106.0,0,outdoors,astroturf,,,00-0023459,00-0034857,Aaron Rodgers,Josh Allen,Matt LaFleur,Sean McDermott,,BUF00,New Era Field
6259,2022_08_CIN_CLE,2022,REG,8,2022-10-31,Monday,20:15,CIN,,CLE,,Home,,,,2022103100,,,202210310cle,,401437818,8,8,-179.0,159.0,-3.0,-120.0,106.0,46.0,102.0,-115.0,1,outdoors,grass,,,00-0036442,00-0033119,Joe Burrow,Jacoby Brissett,Zac Taylor,Kevin Stefanski,,CLE00,FirstEnergy Stadium
6260,2022_09_PHI_HOU,2022,REG,9,2022-11-03,Thursday,20:15,PHI,,HOU,,Home,,,,2022110300,,,202211030htx,,401437819,4,4,,,,,,,,,0,,grass,,,,,,,Nick Sirianni,Lovie Smith,,HOU00,NRG Stadium
6261,2022_09_LAC_ATL,2022,REG,9,2022-11-06,Sunday,13:00,LAC,,ATL,,Home,,,,2022110600,,,202211060atl,,401437820,14,7,,,,,,,,,0,,fieldturf,,,,,,,Brandon Staley,Arthur Smith,,ATL97,Mercedes-Benz Stadium
6262,2022_09_MIA_CHI,2022,REG,9,2022-11-06,Sunday,13:00,MIA,,CHI,,Home,,,,2022110601,,,202211060chi,,401437821,7,7,,,,,,,,,0,outdoors,grass,,,,,,,Mike McDaniel,Matt Eberflus,,CHI98,Soldier Field
6263,2022_09_CAR_CIN,2022,REG,9,2022-11-06,Sunday,13:00,CAR,,CIN,,Home,,,,2022110602,,,202211060cin,,401437822,7,6,,,,,,,,,0,outdoors,grass,,,,,,,Steve Wilks,Zac Taylor,,CIN00,Paycor Stadium
6264,2022_09_GB_DET,2022,REG,9,2022-11-06,Sunday,13:00,GB,,DET,,Home,,,,2022110603,,,202211060det,,401437823,7,7,,,,,,,,,1,dome,fieldturf,,,,,,,Matt LaFleur,Dan Campbell,,DET00,Ford Field
6265,2022_09_LV_JAX,2022,REG,9,2022-11-06,Sunday,13:00,LV,,JAX,,Home,,,,2022110604,,,202211060jax,,401437824,7,7,,,,,,,,,0,outdoors,grass,,,,,,,Josh McDaniels,Doug Pederson,,JAX00,TIAA Bank Stadium
6266,2022_09_IND_NE,2022,REG,9,2022-11-06,Sunday,13:00,IND,,NE,,Home,,,,2022110605,,,202211060nwe,,401437825,7,7,,,,,,,,,0,outdoors,grass,,,,,,,Frank Reich,Bill Belichick,,BOS00,Gillette Stadium
6267,2022_09_BUF_NYJ,2022,REG,9,2022-11-06,Sunday,13:00,BUF,,NYJ,,Home,,,,2022110606,,,202211060nyj,,401437826,7,7,,,,,,,,,1,outdoors,fieldturf,,,,,,,Sean McDermott,Robert Saleh,,NYC01,MetLife Stadium
6268,2022_09_MIN_WAS,2022,REG,9,2022-11-06,Sunday,13:00,MIN,,WAS,,Home,,,,2022110607,,,202211060was,,401437827,7,7,,,,,,,,,0,outdoors,grass,,,,,,,Kevin O'Connell,Ron Rivera,,WAS00,FedExField
6269,2022_09_SEA_ARI,2022,REG,9,2022-11-06,Sunday,16:05,SEA,,ARI,,Home,,,,2022110608,,,202211060crd,,401437828,7,7,,,,,,,,,1,closed,grass,,,,,,,Pete Carroll,Kliff Kingsbury,,PHO00,State Farm Stadium
6270,2022_09_LA_TB,2022,REG,9,2022-11-06,Sunday,16:25,LA,,TB,,Home,,,,2022110609,,,202211060tam,,401437829,7,10,,,,,,,,,0,outdoors,grass,,,,,,,Sean McVay,Todd Bowles,,TAM00,Raymond James Stadium
6271,2022_09_TEN_KC,2022,REG,9,2022-11-06,Sunday,20:20,TEN,,KC,,Home,,,,2022110610,,,202211060kan,,401437830,7,14,,,,,,,,,0,outdoors,astroturf,,,,,,,Mike Vrabel,Andy Reid,,KAN00,GEHA Field at Arrowhead Stadium
6272,2022_09_BAL_NO,2022,REG,9,2022-11-07,Monday,20:15,BAL,,NO,,Home,,,,2022110700,,,202211070nor,,401437831,11,8,,,,,,,,,0,dome,astroturf,,,,,,,John Harbaugh,Dennis Allen,,NOR00,Mercedes-Benz Superdome
6273,2022_10_ATL_CAR,2022,REG,10,2022-11-10,Thursday,20:15,ATL,,CAR,,Home,,,,2022111000,,,202211100car,,401437832,4,4,,,,,,,,,1,outdoors,grass,,,,,,,Arthur Smith,Steve Wilks,,CAR00,Bank of America Stadium
6274,2022_10_SEA_TB,2022,REG,10,2022-11-13,Sunday,09:30,SEA,,TB,,Neutral,,,,2022111300,,,202211130tam,,401435638,7,7,,,,,,,,,0,outdoors,,,,,,,,Pete Carroll,Todd Bowles,,GER00,Allianz Arena
6275,2022_10_MIN_BUF,2022,REG,10,2022-11-13,Sunday,13:00,MIN,,BUF,,Home,,,,2022111301,,,202211130buf,,401437833,7,7,,,,,,,,,0,outdoors,astroturf,,,,,,,Kevin O'Connell,Sean McDermott,,BUF00,New Era Field
6276,2022_10_DET_CHI,2022,REG,10,2022-11-13,Sunday,13:00,DET,,CHI,,Home,,,,2022111302,,,202211130chi,,401437834,7,7,,,,,,,,,1,outdoors,grass,,,,,,,Dan Campbell,Matt Eberflus,,CHI98,Soldier Field
6277,2022_10_JAX_KC,2022,REG,10,2022-11-13,Sunday,13:00,JAX,,KC,,Home,,,,2022111303,,,202211130kan,,401437835,7,7,,,,,,,,,0,outdoors,astroturf,,,,,,,Doug Pederson,Andy Reid,,KAN00,GEHA Field at Arrowhead Stadium
6278,2022_10_CLE_MIA,2022,REG,10,2022-11-13,Sunday,13:00,CLE,,MIA,,Home,,,,2022111304,,,202211130mia,,401437836,13,7,,,,,,,,,0,outdoors,grass,,,,,,,Kevin Stefanski,Mike McDaniel,,MIA00,Hard Rock Stadium
6279,2022_10_HOU_NYG,2022,REG,10,2022-11-13,Sunday,13:00,HOU,,NYG,,Home,,,,2022111305,,,202211130nyg,,401437837,10,14,,,,,,,,,0,outdoors,fieldturf,,,,,,,Lovie Smith,Brian Daboll,,NYC01,MetLife Stadium
6280,2022_10_NO_PIT,2022,REG,10,2022-11-13,Sunday,13:00,NO,,PIT,,Home,,,,2022111306,,,202211130pit,,401437838,6,14,,,,,,,,,0,outdoors,grass,,,,,,,Dennis Allen,Mike Tomlin,,PIT00,Acrisure Stadium
6281,2022_10_DEN_TEN,2022,REG,10,2022-11-13,Sunday,13:00,DEN,,TEN,,Home,,,,2022111307,,,202211130oti,,401437839,14,7,,,,,,,,,0,outdoors,grass,,,,,,,Nathaniel Hackett,Mike Vrabel,,NAS00,Nissan Stadium
6282,2022_10_IND_LV,2022,REG,10,2022-11-13,Sunday,16:05,IND,,LV,,Home,,,,2022111308,,,202211130rai,,401437840,7,7,,,,,,,,,0,dome,grass,,,,,,,Frank Reich,Josh McDaniels,,VEG00,Allegiant Stadium
6283,2022_10_DAL_GB,2022,REG,10,2022-11-13,Sunday,16:25,DAL,,GB,,Home,,,,2022111309,,,202211130gnb,,401437131,14,7,,,,,,,,,0,outdoors,grass,,,,,,,Mike McCarthy,Matt LaFleur,,GNB00,Lambeau Field
6284,2022_10_ARI_LA,2022,REG,10,2022-11-13,Sunday,16:25,ARI,,LA,,Home,,,,2022111310,,,202211130ram,,401437841,7,7,,,,,,,,,1,dome,matrixturf,,,,,,,Kliff Kingsbury,Sean McVay,,LAX01,SoFi Stadium
6285,2022_10_LAC_SF,2022,REG,10,2022-11-13,Sunday,20:20,LAC,,SF,,Home,,,,2022111311,,,202211130sfo,,401437842,7,14,,,,,,,,,0,outdoors,grass,,,,,,,Brandon Staley,Kyle Shanahan,,SFO01,Levi's Stadium
6286,2022_10_WAS_PHI,2022,REG,10,2022-11-14,Monday,20:15,WAS,,PHI,,Home,,,,2022111400,,,202211140phi,,401437843,8,11,,,,,,,,,1,outdoors,grass,,,,,,,Ron Rivera,Nick Sirianni,,PHI00,Lincoln Financial Field
6287,2022_11_TEN_GB,2022,REG,11,2022-11-17,Thursday,20:15,TEN,,GB,,Home,,,,2022111700,,,202211170gnb,,401437844,4,4,,,,,,,,,0,outdoors,grass,,,,,,,Mike Vrabel,Matt LaFleur,,GNB00,Lambeau Field
6288,2022_11_CHI_ATL,2022,REG,11,2022-11-20,Sunday,13:00,CHI,,ATL,,Home,,,,2022112000,,,202211200atl,,401437845,7,10,,,,,,,,,0,,fieldturf,,,,,,,Matt Eberflus,Arthur Smith,,ATL97,Mercedes-Benz Stadium
6289,2022_11_CAR_BAL,2022,REG,11,2022-11-20,Sunday,13:00,CAR,,BAL,,Home,,,,2022112001,,,202211200rav,,401437846,10,13,,,,,,,,,0,outdoors,grass,,,,,,,Steve Wilks,John Harbaugh,,BAL00,M&T Bank Stadium
6290,2022_11_CLE_BUF,2022,REG,11,2022-11-20,Sunday,13:00,CLE,,BUF,,Home,,,,2022112002,,,202211200buf,,401437847,7,7,,,,,,,,,0,outdoors,astroturf,,,,,,,Kevin Stefanski,Sean McDermott,,BUF00,New Era Field
6291,2022_11_WAS_HOU,2022,REG,11,2022-11-20,Sunday,13:00,WAS,,HOU,,Home,,,,2022112003,,,202211200htx,,401437848,6,7,,,,,,,,,0,,grass,,,,,,,Ron Rivera,Lovie Smith,,HOU00,NRG Stadium
6292,2022_11_PHI_IND,2022,REG,11,2022-11-20,Sunday,13:00,PHI,,IND,,Home,,,,2022112004,,,202211200clt,,401437849,6,7,,,,,,,,,0,,fieldturf,,,,,,,Nick Sirianni,Frank Reich,,IND00,Lucas Oil Stadium
6293,2022_11_NYJ_NE,2022,REG,11,2022-11-20,Sunday,13:00,NYJ,,NE,,Home,,,,2022112005,,,202211200nwe,,401437850,14,14,,,,,,,,,1,outdoors,grass,,,,,,,Robert Saleh,Bill Belichick,,BOS00,Gillette Stadium
6294,2022_11_LA_NO,2022,REG,11,2022-11-20,Sunday,13:00,LA,,NO,,Home,,,,2022112006,,,202211200nor,,401437851,7,7,,,,,,,,,0,dome,astroturf,,,,,,,Sean McVay,Dennis Allen,,NOR00,Mercedes-Benz Superdome
6295,2022_11_DET_NYG,2022,REG,11,2022-11-20,Sunday,13:00,DET,,NYG,,Home,,,,2022112007,,,202211200nyg,,401437852,7,7,,,,,,,,,0,outdoors,fieldturf,,,,,,,Dan Campbell,Brian Daboll,,NYC01,MetLife Stadium
6296,2022_11_LV_DEN,2022,REG,11,2022-11-20,Sunday,16:05,LV,,DEN,,Home,,,,2022112008,,,202211200den,,401437853,7,7,,,,,,,,,1,outdoors,grass,,,,,,,Josh McDaniels,Nathaniel Hackett,,DEN00,Empower Field at Mile High
6297,2022_11_KC_LAC,2022,REG,11,2022-11-20,Sunday,16:25,KC,,LAC,,Home,,,,2022112009,,,202211200sdg,,401437854,7,7,,,,,,,,,1,dome,matrixturf,,,,,,,Andy Reid,Brandon Staley,,LAX01,SoFi Stadium
6298,2022_11_DAL_MIN,2022,REG,11,2022-11-20,Sunday,16:25,DAL,,MIN,,Home,,,,2022112010,,,202211200min,,401437855,7,7,,,,,,,,,0,dome,sportturf,,,,,,,Mike McCarthy,Kevin O'Connell,,MIN01,U.S. Bank Stadium
6299,2022_11_CIN_PIT,2022,REG,11,2022-11-20,Sunday,20:20,CIN,,PIT,,Home,,,,2022112011,,,202211200pit,,401437856,14,7,,,,,,,,,1,outdoors,grass,,,,,,,Zac Taylor,Mike Tomlin,,PIT00,Acrisure Stadium
6300,2022_11_SF_ARI,2022,REG,11,2022-11-21,Monday,20:15,SF,,ARI,,Neutral,,,,2022112100,,,202211210crd,,401435642,8,8,,,,,,,,,1,closed,grass,,,,,,,Kyle Shanahan,Kliff Kingsbury,,MEX00,Azteca Stadium
6301,2022_12_BUF_DET,2022,REG,12,2022-11-24,Thursday,12:30,BUF,,DET,,Home,,,,2022112400,,,202211240det,,401437857,4,4,,,,,,,,,0,dome,fieldturf,,,,,,,Sean McDermott,Dan Campbell,,DET00,Ford Field
6302,2022_12_NYG_DAL,2022,REG,12,2022-11-24,Thursday,16:30,NYG,,DAL,,Home,,,,2022112401,,,202211240dal,,401437858,4,4,,,,,,,,,1,closed,fieldturf,,,,,,,Brian Daboll,Mike McCarthy,,DAL00,AT&T Stadium
6303,2022_12_NE_MIN,2022,REG,12,2022-11-24,Thursday,20:20,NE,,MIN,,Home,,,,2022112402,,,202211240min,,401437859,4,4,,,,,,,,,0,dome,sportturf,,,,,,,Bill Belichick,Kevin O'Connell,,MIN01,U.S. Bank Stadium
6304,2022_12_DEN_CAR,2022,REG,12,2022-11-27,Sunday,13:00,DEN,,CAR,,Home,,,,2022112700,,,202211270car,,401437860,7,7,,,,,,,,,0,outdoors,grass,,,,,,,Nathaniel Hackett,Steve Wilks,,CAR00,Bank of America Stadium
6305,2022_12_TB_CLE,2022,REG,12,2022-11-27,Sunday,13:00,TB,,CLE,,Home,,,,2022112701,,,202211270cle,,401437861,14,7,,,,,,,,,0,outdoors,grass,,,,,,,Todd Bowles,Kevin Stefanski,,CLE00,FirstEnergy Stadium
6306,2022_12_BAL_JAX,2022,REG,12,2022-11-27,Sunday,13:00,BAL,,JAX,,Home,,,,2022112702,,,202211270jax,,401437862,7,14,,,,,,,,,0,outdoors,grass,,,,,,,John Harbaugh,Doug Pederson,,JAX00,TIAA Bank Stadium
6307,2022_12_HOU_MIA,2022,REG,12,2022-11-27,Sunday,13:00,HOU,,MIA,,Home,,,,2022112703,,,202211270mia,,401437863,7,14,,,,,,,,,0,outdoors,grass,,,,,,,Lovie Smith,Mike McDaniel,,MIA00,Hard Rock Stadium
6308,2022_12_CHI_NYJ,2022,REG,12,2022-11-27,Sunday,13:00,CHI,,NYJ,,Home,,,,2022112704,,,202211270nyj,,401437864,7,7,,,,,,,,,0,outdoors,fieldturf,,,,,,,Matt Eberflus,Robert Saleh,,NYC01,MetLife Stadium
6309,2022_12_CIN_TEN,2022,REG,12,2022-11-27,Sunday,13:00,CIN,,TEN,,Home,,,,2022112705,,,202211270oti,,401437865,7,10,,,,,,,,,0,outdoors,grass,,,,,,,Zac Taylor,Mike Vrabel,,NAS00,Nissan Stadium
6310,2022_12_ATL_WAS,2022,REG,12,2022-11-27,Sunday,13:00,ATL,,WAS,,Home,,,,2022112706,,,202211270was,,401437866,7,7,,,,,,,,,0,outdoors,grass,,,,,,,Arthur Smith,Ron Rivera,,WAS00,FedExField
6311,2022_12_LAC_ARI,2022,REG,12,2022-11-27,Sunday,16:05,LAC,,ARI,,Home,,,,2022112707,,,202211270crd,,401437867,7,6,,,,,,,,,0,closed,grass,,,,,,,Brandon Staley,Kliff Kingsbury,,PHO00,State Farm Stadium
6312,2022_12_LV_SEA,2022,REG,12,2022-11-27,Sunday,16:05,LV,,SEA,,Home,,,,2022112708,,,202211270sea,,401437868,7,14,,,,,,,,,0,outdoors,fieldturf,,,,,,,Josh McDaniels,Pete Carroll,,SEA00,Lumen Field
6313,2022_12_LA_KC,2022,REG,12,2022-11-27,Sunday,16:25,LA,,KC,,Home,,,,2022112709,,,202211270kan,,401437869,7,7,,,,,,,,,0,outdoors,astroturf,,,,,,,Sean McVay,Andy Reid,,KAN00,GEHA Field at Arrowhead Stadium
6314,2022_12_NO_SF,2022,REG,12,2022-11-27,Sunday,16:25,NO,,SF,,Home,,,,2022112710,,,202211270sfo,,401437870,7,6,,,,,,,,,0,outdoors,grass,,,,,,,Dennis Allen,Kyle Shanahan,,SFO01,Levi's Stadium
6315,2022_12_GB_PHI,2022,REG,12,2022-11-27,Sunday,20:20,GB,,PHI,,Home,,,,2022112711,,,202211270phi,,401437871,10,7,,,,,,,,,0,outdoors,grass,,,,,,,Matt LaFleur,Nick Sirianni,,PHI00,Lincoln Financial Field
6316,2022_12_PIT_IND,2022,REG,12,2022-11-28,Monday,20:15,PIT,,IND,,Home,,,,2022112800,,,202211280clt,,401437872,8,8,,,,,,,,,0,,fieldturf,,,,,,,Mike Tomlin,Frank Reich,,IND00,Lucas Oil Stadium
6317,2022_13_BUF_NE,2022,REG,13,2022-12-01,Thursday,20:15,BUF,,NE,,Home,,,,2022120100,,,202212010nwe,,401437873,7,7,,,,,,,,,1,outdoors,grass,,,,,,,Sean McDermott,Bill Belichick,,BOS00,Gillette Stadium
6318,2022_13_PIT_ATL,2022,REG,13,2022-12-04,Sunday,13:00,PIT,,ATL,,Home,,,,2022120400,,,202212040atl,,401437874,6,7,,,,,,,,,0,,fieldturf,,,,,,,Mike Tomlin,Arthur Smith,,ATL97,Mercedes-Benz Stadium
6319,2022_13_DEN_BAL,2022,REG,13,2022-12-04,Sunday,13:00,DEN,,BAL,,Home,,,,2022120401,,,202212040rav,,401437875,7,7,,,,,,,,,0,outdoors,grass,,,,,,,Nathaniel Hackett,John Harbaugh,,BAL00,M&T Bank Stadium
6320,2022_13_GB_CHI,2022,REG,13,2022-12-04,Sunday,13:00,GB,,CHI,,Home,,,,2022120402,,,202212040chi,,401437876,7,7,,,,,,,,,1,outdoors,grass,,,,,,,Matt LaFleur,Matt Eberflus,,CHI98,Soldier Field
6321,2022_13_JAX_DET,2022,REG,13,2022-12-04,Sunday,13:00,JAX,,DET,,Home,,,,2022120403,,,202212040det,,401437877,7,10,,,,,,,,,0,dome,fieldturf,,,,,,,Doug Pederson,Dan Campbell,,DET00,Ford Field
6322,2022_13_CLE_HOU,2022,REG,13,2022-12-04,Sunday,13:00,CLE,,HOU,,Home,,,,2022120404,,,202212040htx,,401437878,7,7,,,,,,,,,0,,grass,,,,,,,Kevin Stefanski,Lovie Smith,,HOU00,NRG Stadium
6323,2022_13_NYJ_MIN,2022,REG,13,2022-12-04,Sunday,13:00,NYJ,,MIN,,Home,,,,2022120405,,,202212040min,,401437879,7,10,,,,,,,,,0,dome,sportturf,,,,,,,Robert Saleh,Kevin O'Connell,,MIN01,U.S. Bank Stadium
6324,2022_13_WAS_NYG,2022,REG,13,2022-12-04,Sunday,13:00,WAS,,NYG,,Home,,,,2022120406,,,202212040nyg,,401437880,7,10,,,,,,,,,1,outdoors,fieldturf,,,,,,,Ron Rivera,Brian Daboll,,NYC01,MetLife Stadium
6325,2022_13_TEN_PHI,2022,REG,13,2022-12-04,Sunday,13:00,TEN,,PHI,,Home,,,,2022120407,,,202212040phi,,401437881,7,7,,,,,,,,,0,outdoors,grass,,,,,,,Mike Vrabel,Nick Sirianni,,PHI00,Lincoln Financial Field
6326,2022_13_SEA_LA,2022,REG,13,2022-12-04,Sunday,16:05,SEA,,LA,,Home,,,,2022120408,,,202212040ram,,401437882,7,7,,,,,,,,,1,dome,matrixturf,,,,,,,Pete Carroll,Sean McVay,,LAX01,SoFi Stadium
6327,2022_13_MIA_SF,2022,REG,13,2022-12-04,Sunday,16:05,MIA,,SF,,Home,,,,2022120409,,,202212040sfo,,401437883,7,7,,,,,,,,,0,outdoors,grass,,,,,,,Mike McDaniel,Kyle Shanahan,,SFO01,Levi's Stadium
6328,2022_13_KC_CIN,2022,REG,13,2022-12-04,Sunday,16:25,KC,,CIN,,Home,,,,2022120410,,,202212040cin,,401437884,7,7,,,,,,,,,0,outdoors,grass,,,,,,,Andy Reid,Zac Taylor,,CIN00,Paycor Stadium
6329,2022_13_LAC_LV,2022,REG,13,2022-12-04,Sunday,16:25,LAC,,LV,,Home,,,,2022120411,,,202212040rai,,401437885,7,7,,,,,,,,,1,dome,grass,,,,,,,Brandon Staley,Josh McDaniels,,VEG00,Allegiant Stadium
6330,2022_13_IND_DAL,2022,REG,13,2022-12-04,Sunday,20:20,IND,,DAL,,Home,,,,2022120412,,,202212040dal,,401437886,6,10,,,,,,,,,0,closed,fieldturf,,,,,,,Frank Reich,Mike McCarthy,,DAL00,AT&T Stadium
6331,2022_13_NO_TB,2022,REG,13,2022-12-05,Monday,20:15,NO,,TB,,Home,,,,2022120500,,,202212050tam,,401437887,8,8,,,,,,,,,1,outdoors,grass,,,,,,,Dennis Allen,Todd Bowles,,TAM00,Raymond James Stadium
6332,2022_14_LV_LA,2022,REG,14,2022-12-08,Thursday,20:15,LV,,LA,,Home,,,,2022120800,,,202212080ram,,401437888,4,4,,,,,,,,,0,dome,matrixturf,,,,,,,Josh McDaniels,Sean McVay,,LAX01,SoFi Stadium
6333,2022_14_NYJ_BUF,2022,REG,14,2022-12-11,Sunday,13:00,NYJ,,BUF,,Home,,,,2022121100,,,202212110buf,,401437889,7,10,,,,,,,,,1,outdoors,astroturf,,,,,,,Robert Saleh,Sean McDermott,,BUF00,New Era Field
6334,2022_14_CLE_CIN,2022,REG,14,2022-12-11,Sunday,13:00,CLE,,CIN,,Home,,,,2022121101,,,202212110cin,,401437890,7,7,,,,,,,,,1,outdoors,grass,,,,,,,Kevin Stefanski,Zac Taylor,,CIN00,Paycor Stadium
6335,2022_14_HOU_DAL,2022,REG,14,2022-12-11,Sunday,13:00,HOU,,DAL,,Home,,,,2022121102,,,202212110dal,,401437891,7,7,,,,,,,,,0,closed,fieldturf,,,,,,,Lovie Smith,Mike McCarthy,,DAL00,AT&T Stadium
6336,2022_14_MIN_DET,2022,REG,14,2022-12-11,Sunday,13:00,MIN,,DET,,Home,,,,2022121103,,,202212110det,,401437892,7,7,,,,,,,,,1,dome,fieldturf,,,,,,,Kevin O'Connell,Dan Campbell,,DET00,Ford Field
6337,2022_14_PHI_NYG,2022,REG,14,2022-12-11,Sunday,13:00,PHI,,NYG,,Home,,,,2022121104,,,202212110nyg,,401437893,7,7,,,,,,,,,1,outdoors,fieldturf,,,,,,,Nick Sirianni,Brian Daboll,,NYC01,MetLife Stadium
6338,2022_14_BAL_PIT,2022,REG,14,2022-12-11,Sunday,13:00,BAL,,PIT,,Home,,,,2022121105,,,202212110pit,,401437894,7,7,,,,,,,,,1,outdoors,grass,,,,,,,John Harbaugh,Mike Tomlin,,PIT00,Acrisure Stadium
6339,2022_14_JAX_TEN,2022,REG,14,2022-12-11,Sunday,13:00,JAX,,TEN,,Home,,,,2022121106,,,202212110oti,,401437895,7,7,,,,,,,,,1,outdoors,grass,,,,,,,Doug Pederson,Mike Vrabel,,NAS00,Nissan Stadium
6340,2022_14_MIA_LAC,2022,REG,14,2022-12-11,Sunday,16:05,MIA,,LAC,,Home,,,,2022121107,,,202212110sdg,,401437896,7,7,,,,,,,,,0,dome,matrixturf,,,,,,,Mike McDaniel,Brandon Staley,,LAX01,SoFi Stadium
6341,2022_14_CAR_SEA,2022,REG,14,2022-12-11,Sunday,16:25,CAR,,SEA,,Home,,,,2022121108,,,202212110sea,,401437898,14,7,,,,,,,,,0,outdoors,fieldturf,,,,,,,Steve Wilks,Pete Carroll,,SEA00,Lumen Field
6342,2022_14_TB_SF,2022,REG,14,2022-12-11,Sunday,16:25,TB,,SF,,Home,,,,2022121109,,,202212110sfo,,401437897,6,7,,,,,,,,,0,outdoors,grass,,,,,,,Todd Bowles,Kyle Shanahan,,SFO01,Levi's Stadium
6343,2022_14_KC_DEN,2022,REG,14,2022-12-11,Sunday,20:20,KC,,DEN,,Home,,,,2022121110,,,202212110den,,401437899,7,7,,,,,,,,,1,outdoors,grass,,,,,,,Andy Reid,Nathaniel Hackett,,DEN00,Empower Field at Mile High
6344,2022_14_NE_ARI,2022,REG,14,2022-12-12,Monday,20:15,NE,,ARI,,Home,,,,2022121200,,,202212120crd,,401437900,11,15,,,,,,,,,0,closed,grass,,,,,,,Bill Belichick,Kliff Kingsbury,,PHO00,State Farm Stadium
6345,2022_15_SF_SEA,2022,REG,15,2022-12-15,Thursday,20:15,SF,,SEA,,Home,,,,2022121500,,,202212150sea,,401437901,4,4,,,,,,,,,1,outdoors,fieldturf,,,,,,,Kyle Shanahan,Pete Carroll,,SEA00,Lumen Field
6346,2022_15_MIA_BUF,2022,REG,15,2022-12-18,Sunday,13:00,MIA,,BUF,,Home,,,,2022121800,,,202212180buf,,401437902,7,7,,,,,,,,,1,outdoors,astroturf,,,,,,,Mike McDaniel,Sean McDermott,,BUF00,New Era Field
6347,2022_15_PIT_CAR,2022,REG,15,2022-12-18,Sunday,13:00,PIT,,CAR,,Home,,,,2022121800,,,202212180car,,401437907,7,7,,,,,,,,,0,outdoors,grass,,,,,,,Mike Tomlin,Steve Wilks,,CAR00,Bank of America Stadium
6348,2022_15_PHI_CHI,2022,REG,15,2022-12-18,Sunday,13:00,PHI,,CHI,,Home,,,,2022121801,,,202212180chi,,401437908,7,14,,,,,,,,,0,outdoors,grass,,,,,,,Nick Sirianni,Matt Eberflus,,CHI98,Soldier Field
6349,2022_15_BAL_CLE,2022,REG,15,2022-12-18,Sunday,13:00,BAL,,CLE,,Home,,,,2022121801,,,202212180cle,,401437903,7,7,,,,,,,,,1,outdoors,grass,,,,,,,John Harbaugh,Kevin Stefanski,,CLE00,FirstEnergy Stadium
6350,2022_15_KC_HOU,2022,REG,15,2022-12-18,Sunday,13:00,KC,,HOU,,Home,,,,2022121802,,,202212180htx,,401437909,7,7,,,,,,,,,0,,grass,,,,,,,Andy Reid,Lovie Smith,,HOU00,NRG Stadium
6351,2022_15_DAL_JAX,2022,REG,15,2022-12-18,Sunday,13:00,DAL,,JAX,,Home,,,,2022121803,,,202212180jax,,401437910,7,7,,,,,,,,,0,outdoors,grass,,,,,,,Mike McCarthy,Doug Pederson,,JAX00,TIAA Bank Stadium
6352,2022_15_IND_MIN,2022,REG,15,2022-12-18,Sunday,13:00,IND,,MIN,,Home,,,,2022121802,,,202212180min,,401437904,14,7,,,,,,,,,0,dome,sportturf,,,,,,,Frank Reich,Kevin O'Connell,,MIN01,U.S. Bank Stadium
6353,2022_15_ATL_NO,2022,REG,15,2022-12-18,Sunday,13:00,ATL,,NO,,Home,,,,2022121803,,,202212180nor,,401437905,14,13,,,,,,,,,1,dome,astroturf,,,,,,,Arthur Smith,Dennis Allen,,NOR00,Mercedes-Benz Superdome
6354,2022_15_DET_NYJ,2022,REG,15,2022-12-18,Sunday,13:00,DET,,NYJ,,Home,,,,2022121804,,,202212180nyj,,401437911,7,7,,,,,,,,,0,outdoors,fieldturf,,,,,,,Dan Campbell,Robert Saleh,,NYC01,MetLife Stadium
6355,2022_15_NYG_WAS,2022,REG,15,2022-12-18,Sunday,13:00,NYG,,WAS,,Home,,,,2022121804,,,202212180was,,401437906,7,14,,,,,,,,,1,outdoors,grass,,,,,,,Brian Daboll,Ron Rivera,,WAS00,FedExField
6356,2022_15_ARI_DEN,2022,REG,15,2022-12-18,Sunday,16:05,ARI,,DEN,,Home,,,,2022121805,,,202212180den,,401437912,6,7,,,,,,,,,0,outdoors,grass,,,,,,,Kliff Kingsbury,Nathaniel Hackett,,DEN00,Empower Field at Mile High
6357,2022_15_TEN_LAC,2022,REG,15,2022-12-18,Sunday,16:25,TEN,,LAC,,Home,,,,2022121806,,,202212180sdg,,401437913,7,7,,,,,,,,,0,dome,matrixturf,,,,,,,Mike Vrabel,Brandon Staley,,LAX01,SoFi Stadium
6358,2022_15_CIN_TB,2022,REG,15,2022-12-18,Sunday,16:25,CIN,,TB,,Home,,,,2022121807,,,202212180tam,,401437914,7,7,,,,,,,,,0,outdoors,grass,,,,,,,Zac Taylor,Todd Bowles,,TAM00,Raymond James Stadium
6359,2022_15_NE_LV,2022,REG,15,2022-12-18,Sunday,20:20,NE,,LV,,Home,,,,2022121808,,,202212180rai,,401437915,6,10,,,,,,,,,0,dome,grass,,,,,,,Bill Belichick,Josh McDaniels,,VEG00,Allegiant Stadium
6360,2022_15_LA_GB,2022,REG,15,2022-12-19,Monday,20:15,LA,,GB,,Home,,,,2022121900,,,202212190gnb,,401437916,11,15,,,,,,,,,0,outdoors,grass,,,,,,,Sean McVay,Matt LaFleur,,GNB00,Lambeau Field
6361,2022_16_JAX_NYJ,2022,REG,16,2022-12-22,Thursday,20:15,JAX,,NYJ,,Home,,,,2022122200,,,202212220nyj,,401437917,4,4,,,,,,,,,0,outdoors,fieldturf,,,,,,,Doug Pederson,Robert Saleh,,NYC01,MetLife Stadium
6362,2022_16_ATL_BAL,2022,REG,16,2022-12-24,Saturday,13:00,ATL,,BAL,,Home,,,,2022122400,,,202212240rav,,401437918,6,6,,,,,,,,,0,outdoors,grass,,,,,,,Arthur Smith,John Harbaugh,,BAL00,M&T Bank Stadium
6363,2022_16_DET_CAR,2022,REG,16,2022-12-24,Saturday,13:00,DET,,CAR,,Home,,,,2022122401,,,202212240car,,401437919,6,6,,,,,,,,,0,outdoors,grass,,,,,,,Dan Campbell,Steve Wilks,,CAR00,Bank of America Stadium
6364,2022_16_BUF_CHI,2022,REG,16,2022-12-24,Saturday,13:00,BUF,,CHI,,Home,,,,2022122402,,,202212240chi,,401437920,6,6,,,,,,,,,0,outdoors,grass,,,,,,,Sean McDermott,Matt Eberflus,,CHI98,Soldier Field
6365,2022_16_NO_CLE,2022,REG,16,2022-12-24,Saturday,13:00,NO,,CLE,,Home,,,,2022122403,,,202212240cle,,401437921,6,6,,,,,,,,,0,outdoors,grass,,,,,,,Dennis Allen,Kevin Stefanski,,CLE00,FirstEnergy Stadium
6366,2022_16_SEA_KC,2022,REG,16,2022-12-24,Saturday,13:00,SEA,,KC,,Home,,,,2022122404,,,202212240kan,,401437922,9,6,,,,,,,,,0,outdoors,astroturf,,,,,,,Pete Carroll,Andy Reid,,KAN00,GEHA Field at Arrowhead Stadium
6367,2022_16_NYG_MIN,2022,REG,16,2022-12-24,Saturday,13:00,NYG,,MIN,,Home,,,,2022122405,,,202212240min,,401437923,6,6,,,,,,,,,0,dome,sportturf,,,,,,,Brian Daboll,Kevin O'Connell,,MIN01,U.S. Bank Stadium
6368,2022_16_CIN_NE,2022,REG,16,2022-12-24,Saturday,13:00,CIN,,NE,,Home,,,,2022122406,,,202212240nwe,,401437924,6,6,,,,,,,,,0,outdoors,grass,,,,,,,Zac Taylor,Bill Belichick,,BOS00,Gillette Stadium
6369,2022_16_HOU_TEN,2022,REG,16,2022-12-24,Saturday,13:00,HOU,,TEN,,Home,,,,2022122407,,,202212240oti,,401437925,6,6,,,,,,,,,1,outdoors,grass,,,,,,,Lovie Smith,Mike Vrabel,,NAS00,Nissan Stadium
6370,2022_16_WAS_SF,2022,REG,16,2022-12-24,Saturday,16:05,WAS,,SF,,Home,,,,2022122408,,,202212240sfo,,401437926,6,9,,,,,,,,,0,outdoors,grass,,,,,,,Ron Rivera,Kyle Shanahan,,SFO01,Levi's Stadium
6371,2022_16_PHI_DAL,2022,REG,16,2022-12-24,Saturday,16:25,PHI,,DAL,,Home,,,,2022122409,,,202212240dal,,401437927,6,6,,,,,,,,,1,closed,fieldturf,,,,,,,Nick Sirianni,Mike McCarthy,,DAL00,AT&T Stadium
6372,2022_16_LV_PIT,2022,REG,16,2022-12-24,Saturday,20:15,LV,,PIT,,Home,,,,2022122410,,,202212240pit,,401437928,6,6,,,,,,,,,0,outdoors,grass,,,,,,,Josh McDaniels,Mike Tomlin,,PIT00,Acrisure Stadium
6373,2022_16_GB_MIA,2022,REG,16,2022-12-25,Sunday,13:00,GB,,MIA,,Home,,,,2022122500,,,202212250mia,,401437929,6,7,,,,,,,,,0,outdoors,grass,,,,,,,Matt LaFleur,Mike McDaniel,,MIA00,Hard Rock Stadium
6374,2022_16_DEN_LA,2022,REG,16,2022-12-25,Sunday,16:30,DEN,,LA,,Home,,,,2022122501,,,202212250ram,,401436983,7,6,,,,,,,,,0,dome,matrixturf,,,,,,,Nathaniel Hackett,Sean McVay,,LAX01,SoFi Stadium
6375,2022_16_TB_ARI,2022,REG,16,2022-12-25,Sunday,20:20,TB,,ARI,,Home,,,,2022122502,,,202212250crd,,401437930,7,7,,,,,,,,,0,closed,grass,,,,,,,Todd Bowles,Kliff Kingsbury,,PHO00,State Farm Stadium
6376,2022_16_LAC_IND,2022,REG,16,2022-12-26,Monday,20:15,LAC,,IND,,Home,,,,2022122600,,,202212260clt,,401437931,8,8,,,,,,,,,0,,fieldturf,,,,,,,Brandon Staley,Frank Reich,,IND00,Lucas Oil Stadium
6377,2022_17_DAL_TEN,2022,REG,17,2022-12-29,Thursday,20:15,DAL,,TEN,,Home,,,,2022122900,,,202212290oti,,401437932,5,5,,,,,,,,,0,outdoors,grass,,,,,,,Mike McCarthy,Mike Vrabel,,NAS00,Nissan Stadium
6378,2022_17_ARI_ATL,2022,REG,17,2023-01-01,Sunday,13:00,ARI,,ATL,,Home,,,,2023010100,,,202301010atl,,401437933,7,8,,,,,,,,,0,,fieldturf,,,,,,,Kliff Kingsbury,Arthur Smith,,ATL97,Mercedes-Benz Stadium
6379,2022_17_PIT_BAL,2022,REG,17,2023-01-01,Sunday,13:00,PIT,,BAL,,Home,,,,2023010101,,,202301010rav,,401437934,8,8,,,,,,,,,1,outdoors,grass,,,,,,,Mike Tomlin,John Harbaugh,,BAL00,M&T Bank Stadium
6380,2022_17_CHI_DET,2022,REG,17,2023-01-01,Sunday,13:00,CHI,,DET,,Home,,,,2023010102,,,202301010det,,401437935,8,8,,,,,,,,,1,dome,fieldturf,,,,,,,Matt Eberflus,Dan Campbell,,DET00,Ford Field
6381,2022_17_JAX_HOU,2022,REG,17,2023-01-01,Sunday,13:00,JAX,,HOU,,Home,,,,2023010103,,,202301010htx,,401437936,10,8,,,,,,,,,1,,grass,,,,,,,Doug Pederson,Lovie Smith,,HOU00,NRG Stadium
6382,2022_17_DEN_KC,2022,REG,17,2023-01-01,Sunday,13:00,DEN,,KC,,Home,,,,2023010104,,,202301010kan,,401437937,7,8,,,,,,,,,1,outdoors,astroturf,,,,,,,Nathaniel Hackett,Andy Reid,,KAN00,GEHA Field at Arrowhead Stadium
6383,2022_17_MIA_NE,2022,REG,17,2023-01-01,Sunday,13:00,MIA,,NE,,Home,,,,2023010105,,,202301010nwe,,401437938,7,8,,,,,,,,,1,outdoors,grass,,,,,,,Mike McDaniel,Bill Belichick,,BOS00,Gillette Stadium
6384,2022_17_IND_NYG,2022,REG,17,2023-01-01,Sunday,13:00,IND,,NYG,,Home,,,,2023010106,,,202301010nyg,,401437939,6,8,,,,,,,,,0,outdoors,fieldturf,,,,,,,Frank Reich,Brian Daboll,,NYC01,MetLife Stadium
6385,2022_17_NO_PHI,2022,REG,17,2023-01-01,Sunday,13:00,NO,,PHI,,Home,,,,2023010107,,,202301010phi,,401437940,8,8,,,,,,,,,0,outdoors,grass,,,,,,,Dennis Allen,Nick Sirianni,,PHI00,Lincoln Financial Field
6386,2022_17_CAR_TB,2022,REG,17,2023-01-01,Sunday,13:00,CAR,,TB,,Home,,,,2023010108,,,202301010tam,,401437941,8,7,,,,,,,,,1,outdoors,grass,,,,,,,Steve Wilks,Todd Bowles,,TAM00,Raymond James Stadium
6387,2022_17_CLE_WAS,2022,REG,17,2023-01-01,Sunday,13:00,CLE,,WAS,,Home,,,,2023010109,,,202301010was,,401437942,8,8,,,,,,,,,0,outdoors,grass,,,,,,,Kevin Stefanski,Ron Rivera,,WAS00,FedExField
6388,2022_17_SF_LV,2022,REG,17,2023-01-01,Sunday,16:05,SF,,LV,,Home,,,,2023010110,,,202301010rai,,401437943,8,8,,,,,,,,,0,dome,grass,,,,,,,Kyle Shanahan,Josh McDaniels,,VEG00,Allegiant Stadium
6389,2022_17_NYJ_SEA,2022,REG,17,2023-01-01,Sunday,16:05,NYJ,,SEA,,Home,,,,2023010111,,,202301010sea,,401437944,10,8,,,,,,,,,0,outdoors,fieldturf,,,,,,,Robert Saleh,Pete Carroll,,SEA00,Lumen Field
6390,2022_17_MIN_GB,2022,REG,17,2023-01-01,Sunday,16:25,MIN,,GB,,Home,,,,2023010112,,,202301010gnb,,401437945,8,7,,,,,,,,,1,outdoors,grass,,,,,,,Kevin O'Connell,Matt LaFleur,,GNB00,Lambeau Field
6391,2022_17_LA_LAC,2022,REG,17,2023-01-01,Sunday,20:20,LA,,LAC,,Home,,,,2023010113,,,202301010sdg,,401437946,7,6,,,,,,,,,0,dome,matrixturf,,,,,,,Sean McVay,Brandon Staley,,LAX01,SoFi Stadium
6392,2022_17_BUF_CIN,2022,REG,17,2023-01-02,Monday,20:30,BUF,,CIN,,Home,,,,2023010200,,,202301020cin,,401437947,9,9,,,,,,,,,0,outdoors,grass,,,,,,,Sean McDermott,Zac Taylor,,CIN00,Paycor Stadium
6393,2022_18_TB_ATL,2022,REG,18,2023-01-08,Sunday,13:00,TB,,ATL,,Home,,,,2023010800,,,202301080atl,,401437948,7,7,,,,,,,,,1,,fieldturf,,,,,,,Todd Bowles,Arthur Smith,,ATL97,Mercedes-Benz Stadium
6394,2022_18_NE_BUF,2022,REG,18,2023-01-08,Sunday,13:00,NE,,BUF,,Home,,,,2023010801,,,202301080buf,,401437949,7,6,,,,,,,,,1,outdoors,astroturf,,,,,,,Bill Belichick,Sean McDermott,,BUF00,New Era Field
6395,2022_18_MIN_CHI,2022,REG,18,2023-01-08,Sunday,13:00,MIN,,CHI,,Home,,,,2023010802,,,202301080chi,,401437950,7,7,,,,,,,,,1,outdoors,grass,,,,,,,Kevin O'Connell,Matt Eberflus,,CHI98,Soldier Field
6396,2022_18_BAL_CIN,2022,REG,18,2023-01-08,Sunday,13:00,BAL,,CIN,,Home,,,,2023010803,,,202301080cin,,401437951,7,6,,,,,,,,,1,outdoors,grass,,,,,,,John Harbaugh,Zac Taylor,,CIN00,Paycor Stadium
6397,2022_18_LAC_DEN,2022,REG,18,2023-01-08,Sunday,13:00,LAC,,DEN,,Home,,,,2023010812,,,202301080den,,401437960,7,7,,,,,,,,,1,outdoors,grass,,,,,,,Brandon Staley,Nathaniel Hackett,,DEN00,Empower Field at Mile High
6398,2022_18_DET_GB,2022,REG,18,2023-01-08,Sunday,13:00,DET,,GB,,Home,,,,2023010804,,,202301080gnb,,401437952,7,7,,,,,,,,,1,outdoors,grass,,,,,,,Dan Campbell,Matt LaFleur,,GNB00,Lambeau Field
6399,2022_18_HOU_IND,2022,REG,18,2023-01-08,Sunday,13:00,HOU,,IND,,Home,,,,2023010805,,,202301080clt,,401437953,7,7,,,,,,,,,1,,fieldturf,,,,,,,Lovie Smith,Frank Reich,,IND00,Lucas Oil Stadium
6400,2022_18_TEN_JAX,2022,REG,18,2023-01-08,Sunday,13:00,TEN,,JAX,,Home,,,,2023010806,,,202301080jax,,401437954,10,7,,,,,,,,,1,outdoors,grass,,,,,,,Mike Vrabel,Doug Pederson,,JAX00,TIAA Bank Stadium
6401,2022_18_KC_LV,2022,REG,18,2023-01-08,Sunday,13:00,KC,,LV,,Home,,,,2023010813,,,202301080rai,,401437961,7,7,,,,,,,,,1,dome,grass,,,,,,,Andy Reid,Josh McDaniels,,VEG00,Allegiant Stadium
6402,2022_18_NYJ_MIA,2022,REG,18,2023-01-08,Sunday,13:00,NYJ,,MIA,,Home,,,,2023010807,,,202301080mia,,401437955,7,7,,,,,,,,,1,outdoors,grass,,,,,,,Robert Saleh,Mike McDaniel,,MIA00,Hard Rock Stadium
6403,2022_18_CAR_NO,2022,REG,18,2023-01-08,Sunday,13:00,CAR,,NO,,Home,,,,2023010808,,,202301080nor,,401437956,7,7,,,,,,,,,1,dome,astroturf,,,,,,,Steve Wilks,Dennis Allen,,NOR00,Mercedes-Benz Superdome
6404,2022_18_NYG_PHI,2022,REG,18,2023-01-08,Sunday,13:00,NYG,,PHI,,Home,,,,2023010809,,,202301080phi,,401437957,7,7,,,,,,,,,1,outdoors,grass,,,,,,,Brian Daboll,Nick Sirianni,,PHI00,Lincoln Financial Field
6405,2022_18_CLE_PIT,2022,REG,18,2023-01-08,Sunday,13:00,CLE,,PIT,,Home,,,,2023010810,,,202301080pit,,401437958,7,7,,,,,,,,,1,outdoors,grass,,,,,,,Kevin Stefanski,Mike Tomlin,,PIT00,Acrisure Stadium
6406,2022_18_LA_SEA,2022,REG,18,2023-01-08,Sunday,13:00,LA,,SEA,,Home,,,,2023010814,,,202301080sea,,401437963,7,7,,,,,,,,,1,outdoors,fieldturf,,,,,,,Sean McVay,Pete Carroll,,SEA00,Lumen Field
6407,2022_18_ARI_SF,2022,REG,18,2023-01-08,Sunday,13:00,ARI,,SF,,Home,,,,2023010815,,,202301080sfo,,401437962,7,7,,,,,,,,,1,outdoors,grass,,,,,,,Kliff Kingsbury,Kyle Shanahan,,SFO01,Levi's Stadium
6408,2022_18_DAL_WAS,2022,REG,18,2023-01-08,Sunday,13:00,DAL,,WAS,,Home,,,,2023010811,,,202301080was,,401437959,10,7,,,,,,,,,1,outdoors,grass,,,,,,,Mike McCarthy,Ron Rivera,,WAS00,FedExField
